target_verse	mapping	missing_verse	GST	01031055
target_verse	mapping	missing_verse	GST	01032001
target_verse	mapping	missing_verse	GST	01032002
target_verse	mapping	missing_verse	GST	01032003
target_verse	mapping	missing_verse	GST	01032004
target_verse	mapping	missing_verse	GST	01032005
target_verse	mapping	missing_verse	GST	01032006
target_verse	mapping	missing_verse	GST	01032007
target_verse	mapping	missing_verse	GST	01032008
target_verse	mapping	missing_verse	GST	01032009
target_verse	mapping	missing_verse	GST	01032010
target_verse	mapping	missing_verse	GST	01032011
target_verse	mapping	missing_verse	GST	01032012
target_verse	mapping	missing_verse	GST	01032013
target_verse	mapping	missing_verse	GST	01032014
target_verse	mapping	missing_verse	GST	01032015
target_verse	mapping	missing_verse	GST	01032016
target_verse	mapping	missing_verse	GST	01032017
target_verse	mapping	missing_verse	GST	01032018
target_verse	mapping	missing_verse	GST	01032019
target_verse	mapping	missing_verse	GST	01032020
target_verse	mapping	missing_verse	GST	01032021
target_verse	mapping	missing_verse	GST	01032022
target_verse	mapping	missing_verse	GST	01032023
target_verse	mapping	missing_verse	GST	01032024
target_verse	mapping	missing_verse	GST	01032025
target_verse	mapping	missing_verse	GST	01032026
target_verse	mapping	missing_verse	GST	01032027
target_verse	mapping	missing_verse	GST	01032028
target_verse	mapping	missing_verse	GST	01032029
target_verse	mapping	missing_verse	GST	01032030
target_verse	mapping	missing_verse	GST	01032031
target_verse	mapping	missing_verse	GST	01032032
target_verse	mapping	missing_verse	GST	02008001
target_verse	mapping	missing_verse	GST	02008002
target_verse	mapping	missing_verse	GST	02008003
target_verse	mapping	missing_verse	GST	02008004
target_verse	mapping	missing_verse	GST	02008005
target_verse	mapping	missing_verse	GST	02008006
target_verse	mapping	missing_verse	GST	02008007
target_verse	mapping	missing_verse	GST	02008008
target_verse	mapping	missing_verse	GST	02008009
target_verse	mapping	missing_verse	GST	02008010
target_verse	mapping	missing_verse	GST	02008011
target_verse	mapping	missing_verse	GST	02008012
target_verse	mapping	missing_verse	GST	02008013
target_verse	mapping	missing_verse	GST	02008014
target_verse	mapping	missing_verse	GST	02008015
target_verse	mapping	missing_verse	GST	02008016
target_verse	mapping	missing_verse	GST	02008017
target_verse	mapping	missing_verse	GST	02008018
target_verse	mapping	missing_verse	GST	02008019
target_verse	mapping	missing_verse	GST	02008020
target_verse	mapping	missing_verse	GST	02008021
target_verse	mapping	missing_verse	GST	02008022
target_verse	mapping	missing_verse	GST	02008023
target_verse	mapping	missing_verse	GST	02008024
target_verse	mapping	missing_verse	GST	02008025
target_verse	mapping	missing_verse	GST	02008026
target_verse	mapping	missing_verse	GST	02008027
target_verse	mapping	missing_verse	GST	02008028
target_verse	mapping	missing_verse	GST	02008029
target_verse	mapping	missing_verse	GST	02008030
target_verse	mapping	missing_verse	GST	02008031
target_verse	mapping	missing_verse	GST	02008032
target_verse	mapping	missing_verse	GST	02022001
target_verse	mapping	missing_verse	GST	02022002
target_verse	mapping	missing_verse	GST	02022003
target_verse	mapping	missing_verse	GST	02022004
target_verse	mapping	missing_verse	GST	02022005
target_verse	mapping	missing_verse	GST	02022006
target_verse	mapping	missing_verse	GST	02022007
target_verse	mapping	missing_verse	GST	02022008
target_verse	mapping	missing_verse	GST	02022009
target_verse	mapping	missing_verse	GST	02022010
target_verse	mapping	missing_verse	GST	02022011
target_verse	mapping	missing_verse	GST	02022012
target_verse	mapping	missing_verse	GST	02022013
target_verse	mapping	missing_verse	GST	02022014
target_verse	mapping	missing_verse	GST	02022015
target_verse	mapping	missing_verse	GST	02022016
target_verse	mapping	missing_verse	GST	02022017
target_verse	mapping	missing_verse	GST	02022018
target_verse	mapping	missing_verse	GST	02022019
target_verse	mapping	missing_verse	GST	02022020
target_verse	mapping	missing_verse	GST	02022021
target_verse	mapping	missing_verse	GST	02022022
target_verse	mapping	missing_verse	GST	02022023
target_verse	mapping	missing_verse	GST	02022024
target_verse	mapping	missing_verse	GST	02022025
target_verse	mapping	missing_verse	GST	02022026
target_verse	mapping	missing_verse	GST	02022027
target_verse	mapping	missing_verse	GST	02022028
target_verse	mapping	missing_verse	GST	02022029
target_verse	mapping	missing_verse	GST	02022030
target_verse	mapping	missing_verse	GST	02022031
target_verse	mapping	missing_verse	GST	03006001
target_verse	mapping	missing_verse	GST	03006002
target_verse	mapping	missing_verse	GST	03006003
target_verse	mapping	missing_verse	GST	03006004
target_verse	mapping	missing_verse	GST	03006005
target_verse	mapping	missing_verse	GST	03006006
target_verse	mapping	missing_verse	GST	03006007
target_verse	mapping	missing_verse	GST	03006008
target_verse	mapping	missing_verse	GST	03006009
target_verse	mapping	missing_verse	GST	03006010
target_verse	mapping	missing_verse	GST	03006011
target_verse	mapping	missing_verse	GST	03006012
target_verse	mapping	missing_verse	GST	03006013
target_verse	mapping	missing_verse	GST	03006014
target_verse	mapping	missing_verse	GST	03006015
target_verse	mapping	missing_verse	GST	03006016
target_verse	mapping	missing_verse	GST	03006017
target_verse	mapping	missing_verse	GST	03006018
target_verse	mapping	missing_verse	GST	03006019
target_verse	mapping	missing_verse	GST	03006020
target_verse	mapping	missing_verse	GST	03006021
target_verse	mapping	missing_verse	GST	03006022
target_verse	mapping	missing_verse	GST	03006023
target_verse	mapping	missing_verse	GST	03006024
target_verse	mapping	missing_verse	GST	03006025
target_verse	mapping	missing_verse	GST	03006026
target_verse	mapping	missing_verse	GST	03006027
target_verse	mapping	missing_verse	GST	03006028
target_verse	mapping	missing_verse	GST	03006029
target_verse	mapping	missing_verse	GST	03006030
target_verse	mapping	missing_verse	GST	04016036
target_verse	mapping	missing_verse	GST	04016037
target_verse	mapping	missing_verse	GST	04016038
target_verse	mapping	missing_verse	GST	04016039
target_verse	mapping	missing_verse	GST	04016040
target_verse	mapping	missing_verse	GST	04016041
target_verse	mapping	missing_verse	GST	04016042
target_verse	mapping	missing_verse	GST	04016043
target_verse	mapping	missing_verse	GST	04016044
target_verse	mapping	missing_verse	GST	04016045
target_verse	mapping	missing_verse	GST	04016046
target_verse	mapping	missing_verse	GST	04016047
target_verse	mapping	missing_verse	GST	04016048
target_verse	mapping	missing_verse	GST	04016049
target_verse	mapping	missing_verse	GST	04016050
target_verse	mapping	missing_verse	GST	04017001
target_verse	mapping	missing_verse	GST	04017002
target_verse	mapping	missing_verse	GST	04017003
target_verse	mapping	missing_verse	GST	04017004
target_verse	mapping	missing_verse	GST	04017005
target_verse	mapping	missing_verse	GST	04017006
target_verse	mapping	missing_verse	GST	04017007
target_verse	mapping	missing_verse	GST	04017008
target_verse	mapping	missing_verse	GST	04017009
target_verse	mapping	missing_verse	GST	04017010
target_verse	mapping	missing_verse	GST	04017011
target_verse	mapping	missing_verse	GST	04017012
target_verse	mapping	missing_verse	GST	04017013
target_verse	mapping	missing_verse	GST	04029040
target_verse	mapping	missing_verse	GST	04030001
target_verse	mapping	missing_verse	GST	04030002
target_verse	mapping	missing_verse	GST	04030003
target_verse	mapping	missing_verse	GST	04030004
target_verse	mapping	missing_verse	GST	04030005
target_verse	mapping	missing_verse	GST	04030006
target_verse	mapping	missing_verse	GST	04030007
target_verse	mapping	missing_verse	GST	04030008
target_verse	mapping	missing_verse	GST	04030009
target_verse	mapping	missing_verse	GST	04030010
target_verse	mapping	missing_verse	GST	04030011
target_verse	mapping	missing_verse	GST	04030012
target_verse	mapping	missing_verse	GST	04030013
target_verse	mapping	missing_verse	GST	04030014
target_verse	mapping	missing_verse	GST	04030015
target_verse	mapping	missing_verse	GST	04030016
target_verse	mapping	missing_verse	GST	05012032
target_verse	mapping	missing_verse	GST	05013001
target_verse	mapping	missing_verse	GST	05013002
target_verse	mapping	missing_verse	GST	05013003
target_verse	mapping	missing_verse	GST	05013004
target_verse	mapping	missing_verse	GST	05013005
target_verse	mapping	missing_verse	GST	05013006
target_verse	mapping	missing_verse	GST	05013007
target_verse	mapping	missing_verse	GST	05013008
target_verse	mapping	missing_verse	GST	05013009
target_verse	mapping	missing_verse	GST	05013010
target_verse	mapping	missing_verse	GST	05013011
target_verse	mapping	missing_verse	GST	05013012
target_verse	mapping	missing_verse	GST	05013013
target_verse	mapping	missing_verse	GST	05013014
target_verse	mapping	missing_verse	GST	05013015
target_verse	mapping	missing_verse	GST	05013016
target_verse	mapping	missing_verse	GST	05013017
target_verse	mapping	missing_verse	GST	05013018
target_verse	mapping	missing_verse	GST	05022030
target_verse	mapping	missing_verse	GST	05023001
target_verse	mapping	missing_verse	GST	05023002
target_verse	mapping	missing_verse	GST	05023003
target_verse	mapping	missing_verse	GST	05023004
target_verse	mapping	missing_verse	GST	05023005
target_verse	mapping	missing_verse	GST	05023006
target_verse	mapping	missing_verse	GST	05023007
target_verse	mapping	missing_verse	GST	05023008
target_verse	mapping	missing_verse	GST	05023009
target_verse	mapping	missing_verse	GST	05023010
target_verse	mapping	missing_verse	GST	05023011
target_verse	mapping	missing_verse	GST	05023012
target_verse	mapping	missing_verse	GST	05023013
target_verse	mapping	missing_verse	GST	05023014
target_verse	mapping	missing_verse	GST	05023015
target_verse	mapping	missing_verse	GST	05023016
target_verse	mapping	missing_verse	GST	05023017
target_verse	mapping	missing_verse	GST	05023018
target_verse	mapping	missing_verse	GST	05023019
target_verse	mapping	missing_verse	GST	05023020
target_verse	mapping	missing_verse	GST	05023021
target_verse	mapping	missing_verse	GST	05023022
target_verse	mapping	missing_verse	GST	05023023
target_verse	mapping	missing_verse	GST	05023024
target_verse	mapping	missing_verse	GST	05023025
target_verse	mapping	missing_verse	GST	05029001
target_verse	mapping	missing_verse	GST	05029002
target_verse	mapping	missing_verse	GST	05029003
target_verse	mapping	missing_verse	GST	05029004
target_verse	mapping	missing_verse	GST	05029005
target_verse	mapping	missing_verse	GST	05029006
target_verse	mapping	missing_verse	GST	05029007
target_verse	mapping	missing_verse	GST	05029008
target_verse	mapping	missing_verse	GST	05029009
target_verse	mapping	missing_verse	GST	05029010
target_verse	mapping	missing_verse	GST	05029011
target_verse	mapping	missing_verse	GST	05029012
target_verse	mapping	missing_verse	GST	05029013
target_verse	mapping	missing_verse	GST	05029014
target_verse	mapping	missing_verse	GST	05029015
target_verse	mapping	missing_verse	GST	05029016
target_verse	mapping	missing_verse	GST	05029017
target_verse	mapping	missing_verse	GST	05029018
target_verse	mapping	missing_verse	GST	05029019
target_verse	mapping	missing_verse	GST	05029020
target_verse	mapping	missing_verse	GST	05029021
target_verse	mapping	missing_verse	GST	05029022
target_verse	mapping	missing_verse	GST	05029023
target_verse	mapping	missing_verse	GST	05029024
target_verse	mapping	missing_verse	GST	05029025
target_verse	mapping	missing_verse	GST	05029026
target_verse	mapping	missing_verse	GST	05029027
target_verse	mapping	missing_verse	GST	05029028
target_verse	mapping	missing_verse	GST	05029029
target_verse	mapping	missing_verse	GST	09020042
target_verse	mapping	missing_verse	GST	09021001
target_verse	mapping	missing_verse	GST	09021002
target_verse	mapping	missing_verse	GST	09021003
target_verse	mapping	missing_verse	GST	09021004
target_verse	mapping	missing_verse	GST	09021005
target_verse	mapping	missing_verse	GST	09021006
target_verse	mapping	missing_verse	GST	09021007
target_verse	mapping	missing_verse	GST	09021008
target_verse	mapping	missing_verse	GST	09021009
target_verse	mapping	missing_verse	GST	09021010
target_verse	mapping	missing_verse	GST	09021011
target_verse	mapping	missing_verse	GST	09021012
target_verse	mapping	missing_verse	GST	09021013
target_verse	mapping	missing_verse	GST	09021014
target_verse	mapping	missing_verse	GST	09021015
target_verse	mapping	missing_verse	GST	09023029
target_verse	mapping	missing_verse	GST	09024001
target_verse	mapping	missing_verse	GST	09024002
target_verse	mapping	missing_verse	GST	09024003
target_verse	mapping	missing_verse	GST	09024004
target_verse	mapping	missing_verse	GST	09024005
target_verse	mapping	missing_verse	GST	09024006
target_verse	mapping	missing_verse	GST	09024007
target_verse	mapping	missing_verse	GST	09024008
target_verse	mapping	missing_verse	GST	09024009
target_verse	mapping	missing_verse	GST	09024010
target_verse	mapping	missing_verse	GST	09024011
target_verse	mapping	missing_verse	GST	09024012
target_verse	mapping	missing_verse	GST	09024013
target_verse	mapping	missing_verse	GST	09024014
target_verse	mapping	missing_verse	GST	09024015
target_verse	mapping	missing_verse	GST	09024016
target_verse	mapping	missing_verse	GST	09024017
target_verse	mapping	missing_verse	GST	09024018
target_verse	mapping	missing_verse	GST	09024019
target_verse	mapping	missing_verse	GST	09024020
target_verse	mapping	missing_verse	GST	09024021
target_verse	mapping	missing_verse	GST	09024022
target_verse	mapping	missing_verse	GST	10018033
target_verse	mapping	missing_verse	GST	10019001
target_verse	mapping	missing_verse	GST	10019002
target_verse	mapping	missing_verse	GST	10019003
target_verse	mapping	missing_verse	GST	10019004
target_verse	mapping	missing_verse	GST	10019005
target_verse	mapping	missing_verse	GST	10019006
target_verse	mapping	missing_verse	GST	10019007
target_verse	mapping	missing_verse	GST	10019008
target_verse	mapping	missing_verse	GST	10019009
target_verse	mapping	missing_verse	GST	10019010
target_verse	mapping	missing_verse	GST	10019011
target_verse	mapping	missing_verse	GST	10019012
target_verse	mapping	missing_verse	GST	10019013
target_verse	mapping	missing_verse	GST	10019014
target_verse	mapping	missing_verse	GST	10019015
target_verse	mapping	missing_verse	GST	10019016
target_verse	mapping	missing_verse	GST	10019017
target_verse	mapping	missing_verse	GST	10019018
target_verse	mapping	missing_verse	GST	10019019
target_verse	mapping	missing_verse	GST	10019020
target_verse	mapping	missing_verse	GST	10019021
target_verse	mapping	missing_verse	GST	10019022
target_verse	mapping	missing_verse	GST	10019023
target_verse	mapping	missing_verse	GST	10019024
target_verse	mapping	missing_verse	GST	10019025
target_verse	mapping	missing_verse	GST	10019026
target_verse	mapping	missing_verse	GST	10019027
target_verse	mapping	missing_verse	GST	10019028
target_verse	mapping	missing_verse	GST	10019029
target_verse	mapping	missing_verse	GST	10019030
target_verse	mapping	missing_verse	GST	10019031
target_verse	mapping	missing_verse	GST	10019032
target_verse	mapping	missing_verse	GST	10019033
target_verse	mapping	missing_verse	GST	10019034
target_verse	mapping	missing_verse	GST	10019035
target_verse	mapping	missing_verse	GST	10019036
target_verse	mapping	missing_verse	GST	10019037
target_verse	mapping	missing_verse	GST	10019038
target_verse	mapping	missing_verse	GST	10019039
target_verse	mapping	missing_verse	GST	10019040
target_verse	mapping	missing_verse	GST	10019041
target_verse	mapping	missing_verse	GST	10019042
target_verse	mapping	missing_verse	GST	10019043
target_verse	mapping	missing_verse	GST	11004021
target_verse	mapping	missing_verse	GST	11004022
target_verse	mapping	missing_verse	GST	11004023
target_verse	mapping	missing_verse	GST	11004024
target_verse	mapping	missing_verse	GST	11004025
target_verse	mapping	missing_verse	GST	11004026
target_verse	mapping	missing_verse	GST	11004027
target_verse	mapping	missing_verse	GST	11004028
target_verse	mapping	missing_verse	GST	11004029
target_verse	mapping	missing_verse	GST	11004030
target_verse	mapping	missing_verse	GST	11004031
target_verse	mapping	missing_verse	GST	11004032
target_verse	mapping	missing_verse	GST	11004033
target_verse	mapping	missing_verse	GST	11004034
target_verse	mapping	missing_verse	GST	11005001
target_verse	mapping	missing_verse	GST	11005002
target_verse	mapping	missing_verse	GST	11005003
target_verse	mapping	missing_verse	GST	11005004
target_verse	mapping	missing_verse	GST	11005005
target_verse	mapping	missing_verse	GST	11005006
target_verse	mapping	missing_verse	GST	11005007
target_verse	mapping	missing_verse	GST	11005008
target_verse	mapping	missing_verse	GST	11005009
target_verse	mapping	missing_verse	GST	11005010
target_verse	mapping	missing_verse	GST	11005011
target_verse	mapping	missing_verse	GST	11005012
target_verse	mapping	missing_verse	GST	11005013
target_verse	mapping	missing_verse	GST	11005014
target_verse	mapping	missing_verse	GST	11005015
target_verse	mapping	missing_verse	GST	11005016
target_verse	mapping	missing_verse	GST	11005017
target_verse	mapping	missing_verse	GST	11005018
target_verse	mapping	missing_verse	GST	11022043
target_verse	mapping	missing_verse	GST	11022044
target_verse	mapping	missing_verse	GST	11022045
target_verse	mapping	missing_verse	GST	11022046
target_verse	mapping	missing_verse	GST	11022047
target_verse	mapping	missing_verse	GST	11022048
target_verse	mapping	missing_verse	GST	11022049
target_verse	mapping	missing_verse	GST	11022050
target_verse	mapping	missing_verse	GST	11022051
target_verse	mapping	missing_verse	GST	11022052
target_verse	mapping	missing_verse	GST	11022053
target_verse	mapping	missing_verse	GST	12011021
target_verse	mapping	missing_verse	GST	12012001
target_verse	mapping	missing_verse	GST	12012002
target_verse	mapping	missing_verse	GST	12012003
target_verse	mapping	missing_verse	GST	12012004
target_verse	mapping	missing_verse	GST	12012005
target_verse	mapping	missing_verse	GST	12012006
target_verse	mapping	missing_verse	GST	12012007
target_verse	mapping	missing_verse	GST	12012008
target_verse	mapping	missing_verse	GST	12012009
target_verse	mapping	missing_verse	GST	12012010
target_verse	mapping	missing_verse	GST	12012011
target_verse	mapping	missing_verse	GST	12012012
target_verse	mapping	missing_verse	GST	12012013
target_verse	mapping	missing_verse	GST	12012014
target_verse	mapping	missing_verse	GST	12012015
target_verse	mapping	missing_verse	GST	12012016
target_verse	mapping	missing_verse	GST	12012017
target_verse	mapping	missing_verse	GST	12012018
target_verse	mapping	missing_verse	GST	12012019
target_verse	mapping	missing_verse	GST	12012020
target_verse	mapping	missing_verse	GST	12012021
target_verse	mapping	missing_verse	GST	13006001
target_verse	mapping	missing_verse	GST	13006002
target_verse	mapping	missing_verse	GST	13006003
target_verse	mapping	missing_verse	GST	13006004
target_verse	mapping	missing_verse	GST	13006005
target_verse	mapping	missing_verse	GST	13006006
target_verse	mapping	missing_verse	GST	13006007
target_verse	mapping	missing_verse	GST	13006008
target_verse	mapping	missing_verse	GST	13006009
target_verse	mapping	missing_verse	GST	13006010
target_verse	mapping	missing_verse	GST	13006011
target_verse	mapping	missing_verse	GST	13006012
target_verse	mapping	missing_verse	GST	13006013
target_verse	mapping	missing_verse	GST	13006014
target_verse	mapping	missing_verse	GST	13006015
target_verse	mapping	missing_verse	GST	13006016
target_verse	mapping	missing_verse	GST	13006017
target_verse	mapping	missing_verse	GST	13006018
target_verse	mapping	missing_verse	GST	13006019
target_verse	mapping	missing_verse	GST	13006020
target_verse	mapping	missing_verse	GST	13006021
target_verse	mapping	missing_verse	GST	13006022
target_verse	mapping	missing_verse	GST	13006023
target_verse	mapping	missing_verse	GST	13006024
target_verse	mapping	missing_verse	GST	13006025
target_verse	mapping	missing_verse	GST	13006026
target_verse	mapping	missing_verse	GST	13006027
target_verse	mapping	missing_verse	GST	13006028
target_verse	mapping	missing_verse	GST	13006029
target_verse	mapping	missing_verse	GST	13006030
target_verse	mapping	missing_verse	GST	13006031
target_verse	mapping	missing_verse	GST	13006032
target_verse	mapping	missing_verse	GST	13006033
target_verse	mapping	missing_verse	GST	13006034
target_verse	mapping	missing_verse	GST	13006035
target_verse	mapping	missing_verse	GST	13006036
target_verse	mapping	missing_verse	GST	13006037
target_verse	mapping	missing_verse	GST	13006038
target_verse	mapping	missing_verse	GST	13006039
target_verse	mapping	missing_verse	GST	13006040
target_verse	mapping	missing_verse	GST	13006041
target_verse	mapping	missing_verse	GST	13006042
target_verse	mapping	missing_verse	GST	13006043
target_verse	mapping	missing_verse	GST	13006044
target_verse	mapping	missing_verse	GST	13006045
target_verse	mapping	missing_verse	GST	13006046
target_verse	mapping	missing_verse	GST	13006047
target_verse	mapping	missing_verse	GST	13006048
target_verse	mapping	missing_verse	GST	13006049
target_verse	mapping	missing_verse	GST	13006050
target_verse	mapping	missing_verse	GST	13006051
target_verse	mapping	missing_verse	GST	13006052
target_verse	mapping	missing_verse	GST	13006053
target_verse	mapping	missing_verse	GST	13006054
target_verse	mapping	missing_verse	GST	13006055
target_verse	mapping	missing_verse	GST	13006056
target_verse	mapping	missing_verse	GST	13006057
target_verse	mapping	missing_verse	GST	13006058
target_verse	mapping	missing_verse	GST	13006059
target_verse	mapping	missing_verse	GST	13006060
target_verse	mapping	missing_verse	GST	13006061
target_verse	mapping	missing_verse	GST	13006062
target_verse	mapping	missing_verse	GST	13006063
target_verse	mapping	missing_verse	GST	13006064
target_verse	mapping	missing_verse	GST	13006065
target_verse	mapping	missing_verse	GST	13006066
target_verse	mapping	missing_verse	GST	13006067
target_verse	mapping	missing_verse	GST	13006068
target_verse	mapping	missing_verse	GST	13006069
target_verse	mapping	missing_verse	GST	13006070
target_verse	mapping	missing_verse	GST	13006071
target_verse	mapping	missing_verse	GST	13006072
target_verse	mapping	missing_verse	GST	13006073
target_verse	mapping	missing_verse	GST	13006074
target_verse	mapping	missing_verse	GST	13006075
target_verse	mapping	missing_verse	GST	13006076
target_verse	mapping	missing_verse	GST	13006077
target_verse	mapping	missing_verse	GST	13006078
target_verse	mapping	missing_verse	GST	13006079
target_verse	mapping	missing_verse	GST	13006080
target_verse	mapping	missing_verse	GST	13006081
target_verse	mapping	missing_verse	GST	13012004
target_verse	mapping	missing_verse	GST	13012005
target_verse	mapping	missing_verse	GST	13012006
target_verse	mapping	missing_verse	GST	13012007
target_verse	mapping	missing_verse	GST	13012008
target_verse	mapping	missing_verse	GST	13012009
target_verse	mapping	missing_verse	GST	13012010
target_verse	mapping	missing_verse	GST	13012011
target_verse	mapping	missing_verse	GST	13012012
target_verse	mapping	missing_verse	GST	13012013
target_verse	mapping	missing_verse	GST	13012014
target_verse	mapping	missing_verse	GST	13012015
target_verse	mapping	missing_verse	GST	13012016
target_verse	mapping	missing_verse	GST	13012017
target_verse	mapping	missing_verse	GST	13012018
target_verse	mapping	missing_verse	GST	13012019
target_verse	mapping	missing_verse	GST	13012020
target_verse	mapping	missing_verse	GST	13012021
target_verse	mapping	missing_verse	GST	13012022
target_verse	mapping	missing_verse	GST	13012023
target_verse	mapping	missing_verse	GST	13012024
target_verse	mapping	missing_verse	GST	13012025
target_verse	mapping	missing_verse	GST	13012026
target_verse	mapping	missing_verse	GST	13012027
target_verse	mapping	missing_verse	GST	13012028
target_verse	mapping	missing_verse	GST	13012029
target_verse	mapping	missing_verse	GST	13012030
target_verse	mapping	missing_verse	GST	13012031
target_verse	mapping	missing_verse	GST	13012032
target_verse	mapping	missing_verse	GST	13012033
target_verse	mapping	missing_verse	GST	13012034
target_verse	mapping	missing_verse	GST	13012035
target_verse	mapping	missing_verse	GST	13012036
target_verse	mapping	missing_verse	GST	13012037
target_verse	mapping	missing_verse	GST	13012038
target_verse	mapping	missing_verse	GST	13012039
target_verse	mapping	missing_verse	GST	13012040
target_verse	mapping	missing_verse	GST	14002001
target_verse	mapping	missing_verse	GST	14002002
target_verse	mapping	missing_verse	GST	14002003
target_verse	mapping	missing_verse	GST	14002004
target_verse	mapping	missing_verse	GST	14002005
target_verse	mapping	missing_verse	GST	14002006
target_verse	mapping	missing_verse	GST	14002007
target_verse	mapping	missing_verse	GST	14002008
target_verse	mapping	missing_verse	GST	14002009
target_verse	mapping	missing_verse	GST	14002010
target_verse	mapping	missing_verse	GST	14002011
target_verse	mapping	missing_verse	GST	14002012
target_verse	mapping	missing_verse	GST	14002013
target_verse	mapping	missing_verse	GST	14002014
target_verse	mapping	missing_verse	GST	14002015
target_verse	mapping	missing_verse	GST	14002016
target_verse	mapping	missing_verse	GST	14002017
target_verse	mapping	missing_verse	GST	14002018
target_verse	mapping	missing_verse	GST	14014001
target_verse	mapping	missing_verse	GST	14014002
target_verse	mapping	missing_verse	GST	14014003
target_verse	mapping	missing_verse	GST	14014004
target_verse	mapping	missing_verse	GST	14014005
target_verse	mapping	missing_verse	GST	14014006
target_verse	mapping	missing_verse	GST	14014007
target_verse	mapping	missing_verse	GST	14014008
target_verse	mapping	missing_verse	GST	14014009
target_verse	mapping	missing_verse	GST	14014010
target_verse	mapping	missing_verse	GST	14014011
target_verse	mapping	missing_verse	GST	14014012
target_verse	mapping	missing_verse	GST	14014013
target_verse	mapping	missing_verse	GST	14014014
target_verse	mapping	missing_verse	GST	14014015
target_verse	mapping	missing_verse	GST	18041001
target_verse	mapping	missing_verse	GST	18041002
target_verse	mapping	missing_verse	GST	18041003
target_verse	mapping	missing_verse	GST	18041004
target_verse	mapping	missing_verse	GST	18041005
target_verse	mapping	missing_verse	GST	18041006
target_verse	mapping	missing_verse	GST	18041007
target_verse	mapping	missing_verse	GST	18041008
target_verse	mapping	missing_verse	GST	18041009
target_verse	mapping	missing_verse	GST	18041010
target_verse	mapping	missing_verse	GST	18041011
target_verse	mapping	missing_verse	GST	18041012
target_verse	mapping	missing_verse	GST	18041013
target_verse	mapping	missing_verse	GST	18041014
target_verse	mapping	missing_verse	GST	18041015
target_verse	mapping	missing_verse	GST	18041016
target_verse	mapping	missing_verse	GST	18041017
target_verse	mapping	missing_verse	GST	18041018
target_verse	mapping	missing_verse	GST	18041019
target_verse	mapping	missing_verse	GST	18041020
target_verse	mapping	missing_verse	GST	18041021
target_verse	mapping	missing_verse	GST	18041022
target_verse	mapping	missing_verse	GST	18041023
target_verse	mapping	missing_verse	GST	18041024
target_verse	mapping	missing_verse	GST	18041025
target_verse	mapping	missing_verse	GST	18041026
target_verse	mapping	missing_verse	GST	18041027
target_verse	mapping	missing_verse	GST	18041028
target_verse	mapping	missing_verse	GST	18041029
target_verse	mapping	missing_verse	GST	18041030
target_verse	mapping	missing_verse	GST	18041031
target_verse	mapping	missing_verse	GST	18041032
target_verse	mapping	missing_verse	GST	18041033
target_verse	mapping	missing_verse	GST	18041034
target_verse	mapping	missing_verse	GST	19003000
target_verse	mapping	missing_verse	GST	19003001
target_verse	mapping	missing_verse	GST	19003002
target_verse	mapping	missing_verse	GST	19003003
target_verse	mapping	missing_verse	GST	19003004
target_verse	mapping	missing_verse	GST	19003005
target_verse	mapping	missing_verse	GST	19003006
target_verse	mapping	missing_verse	GST	19003007
target_verse	mapping	missing_verse	GST	19003008
target_verse	mapping	missing_verse	GST	19004000
target_verse	mapping	missing_verse	GST	19004001
target_verse	mapping	missing_verse	GST	19004002
target_verse	mapping	missing_verse	GST	19004003
target_verse	mapping	missing_verse	GST	19004004
target_verse	mapping	missing_verse	GST	19004005
target_verse	mapping	missing_verse	GST	19004006
target_verse	mapping	missing_verse	GST	19004007
target_verse	mapping	missing_verse	GST	19004008
target_verse	mapping	missing_verse	GST	19005000
target_verse	mapping	missing_verse	GST	19005001
target_verse	mapping	missing_verse	GST	19005002
target_verse	mapping	missing_verse	GST	19005003
target_verse	mapping	missing_verse	GST	19005004
target_verse	mapping	missing_verse	GST	19005005
target_verse	mapping	missing_verse	GST	19005006
target_verse	mapping	missing_verse	GST	19005007
target_verse	mapping	missing_verse	GST	19005008
target_verse	mapping	missing_verse	GST	19005009
target_verse	mapping	missing_verse	GST	19005010
target_verse	mapping	missing_verse	GST	19005011
target_verse	mapping	missing_verse	GST	19005012
target_verse	mapping	missing_verse	GST	19006000
target_verse	mapping	missing_verse	GST	19006001
target_verse	mapping	missing_verse	GST	19006002
target_verse	mapping	missing_verse	GST	19006003
target_verse	mapping	missing_verse	GST	19006004
target_verse	mapping	missing_verse	GST	19006005
target_verse	mapping	missing_verse	GST	19006006
target_verse	mapping	missing_verse	GST	19006007
target_verse	mapping	missing_verse	GST	19006008
target_verse	mapping	missing_verse	GST	19006009
target_verse	mapping	missing_verse	GST	19006010
target_verse	mapping	missing_verse	GST	19007000
target_verse	mapping	missing_verse	GST	19007001
target_verse	mapping	missing_verse	GST	19007002
target_verse	mapping	missing_verse	GST	19007003
target_verse	mapping	missing_verse	GST	19007004
target_verse	mapping	missing_verse	GST	19007005
target_verse	mapping	missing_verse	GST	19007006
target_verse	mapping	missing_verse	GST	19007007
target_verse	mapping	missing_verse	GST	19007008
target_verse	mapping	missing_verse	GST	19007009
target_verse	mapping	missing_verse	GST	19007010
target_verse	mapping	missing_verse	GST	19007011
target_verse	mapping	missing_verse	GST	19007012
target_verse	mapping	missing_verse	GST	19007013
target_verse	mapping	missing_verse	GST	19007014
target_verse	mapping	missing_verse	GST	19007015
target_verse	mapping	missing_verse	GST	19007016
target_verse	mapping	missing_verse	GST	19007017
target_verse	mapping	missing_verse	GST	19008000
target_verse	mapping	missing_verse	GST	19008001
target_verse	mapping	missing_verse	GST	19008002
target_verse	mapping	missing_verse	GST	19008003
target_verse	mapping	missing_verse	GST	19008004
target_verse	mapping	missing_verse	GST	19008005
target_verse	mapping	missing_verse	GST	19008006
target_verse	mapping	missing_verse	GST	19008007
target_verse	mapping	missing_verse	GST	19008008
target_verse	mapping	missing_verse	GST	19008009
target_verse	mapping	missing_verse	GST	19009000
target_verse	mapping	missing_verse	GST	19009001
target_verse	mapping	missing_verse	GST	19009002
target_verse	mapping	missing_verse	GST	19009003
target_verse	mapping	missing_verse	GST	19009004
target_verse	mapping	missing_verse	GST	19009005
target_verse	mapping	missing_verse	GST	19009006
target_verse	mapping	missing_verse	GST	19009007
target_verse	mapping	missing_verse	GST	19009008
target_verse	mapping	missing_verse	GST	19009009
target_verse	mapping	missing_verse	GST	19009010
target_verse	mapping	missing_verse	GST	19009011
target_verse	mapping	missing_verse	GST	19009012
target_verse	mapping	missing_verse	GST	19009013
target_verse	mapping	missing_verse	GST	19009014
target_verse	mapping	missing_verse	GST	19009015
target_verse	mapping	missing_verse	GST	19009016
target_verse	mapping	missing_verse	GST	19009017
target_verse	mapping	missing_verse	GST	19009018
target_verse	mapping	missing_verse	GST	19009019
target_verse	mapping	missing_verse	GST	19009020
target_verse	mapping	missing_verse	GST	19012000
target_verse	mapping	missing_verse	GST	19012001
target_verse	mapping	missing_verse	GST	19012002
target_verse	mapping	missing_verse	GST	19012003
target_verse	mapping	missing_verse	GST	19012004
target_verse	mapping	missing_verse	GST	19012005
target_verse	mapping	missing_verse	GST	19012006
target_verse	mapping	missing_verse	GST	19012007
target_verse	mapping	missing_verse	GST	19012008
target_verse	mapping	missing_verse	GST	19013000
target_verse	mapping	missing_verse	GST	19013001
target_verse	mapping	missing_verse	GST	19013002
target_verse	mapping	missing_verse	GST	19013003
target_verse	mapping	missing_verse	GST	19013004
target_verse	mapping	missing_verse	GST	19013005
target_verse	mapping	missing_verse	GST	19018000
target_verse	mapping	missing_verse	GST	19018001
target_verse	mapping	missing_verse	GST	19018002
target_verse	mapping	missing_verse	GST	19018003
target_verse	mapping	missing_verse	GST	19018004
target_verse	mapping	missing_verse	GST	19018005
target_verse	mapping	missing_verse	GST	19018006
target_verse	mapping	missing_verse	GST	19018007
target_verse	mapping	missing_verse	GST	19018008
target_verse	mapping	missing_verse	GST	19018009
target_verse	mapping	missing_verse	GST	19018010
target_verse	mapping	missing_verse	GST	19018011
target_verse	mapping	missing_verse	GST	19018012
target_verse	mapping	missing_verse	GST	19018013
target_verse	mapping	missing_verse	GST	19018014
target_verse	mapping	missing_verse	GST	19018015
target_verse	mapping	missing_verse	GST	19018016
target_verse	mapping	missing_verse	GST	19018017
target_verse	mapping	missing_verse	GST	19018018
target_verse	mapping	missing_verse	GST	19018019
target_verse	mapping	missing_verse	GST	19018020
target_verse	mapping	missing_verse	GST	19018021
target_verse	mapping	missing_verse	GST	19018022
target_verse	mapping	missing_verse	GST	19018023
target_verse	mapping	missing_verse	GST	19018024
target_verse	mapping	missing_verse	GST	19018025
target_verse	mapping	missing_verse	GST	19018026
target_verse	mapping	missing_verse	GST	19018027
target_verse	mapping	missing_verse	GST	19018028
target_verse	mapping	missing_verse	GST	19018029
target_verse	mapping	missing_verse	GST	19018030
target_verse	mapping	missing_verse	GST	19018031
target_verse	mapping	missing_verse	GST	19018032
target_verse	mapping	missing_verse	GST	19018033
target_verse	mapping	missing_verse	GST	19018034
target_verse	mapping	missing_verse	GST	19018035
target_verse	mapping	missing_verse	GST	19018036
target_verse	mapping	missing_verse	GST	19018037
target_verse	mapping	missing_verse	GST	19018038
target_verse	mapping	missing_verse	GST	19018039
target_verse	mapping	missing_verse	GST	19018040
target_verse	mapping	missing_verse	GST	19018041
target_verse	mapping	missing_verse	GST	19018042
target_verse	mapping	missing_verse	GST	19018043
target_verse	mapping	missing_verse	GST	19018044
target_verse	mapping	missing_verse	GST	19018045
target_verse	mapping	missing_verse	GST	19018046
target_verse	mapping	missing_verse	GST	19018047
target_verse	mapping	missing_verse	GST	19018048
target_verse	mapping	missing_verse	GST	19018049
target_verse	mapping	missing_verse	GST	19018050
target_verse	mapping	missing_verse	GST	19019000
target_verse	mapping	missing_verse	GST	19019001
target_verse	mapping	missing_verse	GST	19019002
target_verse	mapping	missing_verse	GST	19019003
target_verse	mapping	missing_verse	GST	19019004
target_verse	mapping	missing_verse	GST	19019005
target_verse	mapping	missing_verse	GST	19019006
target_verse	mapping	missing_verse	GST	19019007
target_verse	mapping	missing_verse	GST	19019008
target_verse	mapping	missing_verse	GST	19019009
target_verse	mapping	missing_verse	GST	19019010
target_verse	mapping	missing_verse	GST	19019011
target_verse	mapping	missing_verse	GST	19019012
target_verse	mapping	missing_verse	GST	19019013
target_verse	mapping	missing_verse	GST	19019014
target_verse	mapping	missing_verse	GST	19020000
target_verse	mapping	missing_verse	GST	19020001
target_verse	mapping	missing_verse	GST	19020002
target_verse	mapping	missing_verse	GST	19020003
target_verse	mapping	missing_verse	GST	19020004
target_verse	mapping	missing_verse	GST	19020005
target_verse	mapping	missing_verse	GST	19020006
target_verse	mapping	missing_verse	GST	19020007
target_verse	mapping	missing_verse	GST	19020008
target_verse	mapping	missing_verse	GST	19020009
target_verse	mapping	missing_verse	GST	19021000
target_verse	mapping	missing_verse	GST	19021001
target_verse	mapping	missing_verse	GST	19021002
target_verse	mapping	missing_verse	GST	19021003
target_verse	mapping	missing_verse	GST	19021004
target_verse	mapping	missing_verse	GST	19021005
target_verse	mapping	missing_verse	GST	19021006
target_verse	mapping	missing_verse	GST	19021007
target_verse	mapping	missing_verse	GST	19021008
target_verse	mapping	missing_verse	GST	19021009
target_verse	mapping	missing_verse	GST	19021010
target_verse	mapping	missing_verse	GST	19021011
target_verse	mapping	missing_verse	GST	19021012
target_verse	mapping	missing_verse	GST	19021013
target_verse	mapping	missing_verse	GST	19022000
target_verse	mapping	missing_verse	GST	19022001
target_verse	mapping	missing_verse	GST	19022002
target_verse	mapping	missing_verse	GST	19022003
target_verse	mapping	missing_verse	GST	19022004
target_verse	mapping	missing_verse	GST	19022005
target_verse	mapping	missing_verse	GST	19022006
target_verse	mapping	missing_verse	GST	19022007
target_verse	mapping	missing_verse	GST	19022008
target_verse	mapping	missing_verse	GST	19022009
target_verse	mapping	missing_verse	GST	19022010
target_verse	mapping	missing_verse	GST	19022011
target_verse	mapping	missing_verse	GST	19022012
target_verse	mapping	missing_verse	GST	19022013
target_verse	mapping	missing_verse	GST	19022014
target_verse	mapping	missing_verse	GST	19022015
target_verse	mapping	missing_verse	GST	19022016
target_verse	mapping	missing_verse	GST	19022017
target_verse	mapping	missing_verse	GST	19022018
target_verse	mapping	missing_verse	GST	19022019
target_verse	mapping	missing_verse	GST	19022020
target_verse	mapping	missing_verse	GST	19022021
target_verse	mapping	missing_verse	GST	19022022
target_verse	mapping	missing_verse	GST	19022023
target_verse	mapping	missing_verse	GST	19022024
target_verse	mapping	missing_verse	GST	19022025
target_verse	mapping	missing_verse	GST	19022026
target_verse	mapping	missing_verse	GST	19022027
target_verse	mapping	missing_verse	GST	19022028
target_verse	mapping	missing_verse	GST	19022029
target_verse	mapping	missing_verse	GST	19022030
target_verse	mapping	missing_verse	GST	19022031
target_verse	mapping	missing_verse	GST	19030000
target_verse	mapping	missing_verse	GST	19030001
target_verse	mapping	missing_verse	GST	19030002
target_verse	mapping	missing_verse	GST	19030003
target_verse	mapping	missing_verse	GST	19030004
target_verse	mapping	missing_verse	GST	19030005
target_verse	mapping	missing_verse	GST	19030006
target_verse	mapping	missing_verse	GST	19030007
target_verse	mapping	missing_verse	GST	19030008
target_verse	mapping	missing_verse	GST	19030009
target_verse	mapping	missing_verse	GST	19030010
target_verse	mapping	missing_verse	GST	19030011
target_verse	mapping	missing_verse	GST	19030012
target_verse	mapping	missing_verse	GST	19031000
target_verse	mapping	missing_verse	GST	19031001
target_verse	mapping	missing_verse	GST	19031002
target_verse	mapping	missing_verse	GST	19031003
target_verse	mapping	missing_verse	GST	19031004
target_verse	mapping	missing_verse	GST	19031005
target_verse	mapping	missing_verse	GST	19031006
target_verse	mapping	missing_verse	GST	19031007
target_verse	mapping	missing_verse	GST	19031008
target_verse	mapping	missing_verse	GST	19031009
target_verse	mapping	missing_verse	GST	19031010
target_verse	mapping	missing_verse	GST	19031011
target_verse	mapping	missing_verse	GST	19031012
target_verse	mapping	missing_verse	GST	19031013
target_verse	mapping	missing_verse	GST	19031014
target_verse	mapping	missing_verse	GST	19031015
target_verse	mapping	missing_verse	GST	19031016
target_verse	mapping	missing_verse	GST	19031017
target_verse	mapping	missing_verse	GST	19031018
target_verse	mapping	missing_verse	GST	19031019
target_verse	mapping	missing_verse	GST	19031020
target_verse	mapping	missing_verse	GST	19031021
target_verse	mapping	missing_verse	GST	19031022
target_verse	mapping	missing_verse	GST	19031023
target_verse	mapping	missing_verse	GST	19031024
target_verse	mapping	missing_verse	GST	19034000
target_verse	mapping	missing_verse	GST	19034001
target_verse	mapping	missing_verse	GST	19034002
target_verse	mapping	missing_verse	GST	19034003
target_verse	mapping	missing_verse	GST	19034004
target_verse	mapping	missing_verse	GST	19034005
target_verse	mapping	missing_verse	GST	19034006
target_verse	mapping	missing_verse	GST	19034007
target_verse	mapping	missing_verse	GST	19034008
target_verse	mapping	missing_verse	GST	19034009
target_verse	mapping	missing_verse	GST	19034010
target_verse	mapping	missing_verse	GST	19034011
target_verse	mapping	missing_verse	GST	19034012
target_verse	mapping	missing_verse	GST	19034013
target_verse	mapping	missing_verse	GST	19034014
target_verse	mapping	missing_verse	GST	19034015
target_verse	mapping	missing_verse	GST	19034016
target_verse	mapping	missing_verse	GST	19034017
target_verse	mapping	missing_verse	GST	19034018
target_verse	mapping	missing_verse	GST	19034019
target_verse	mapping	missing_verse	GST	19034020
target_verse	mapping	missing_verse	GST	19034021
target_verse	mapping	missing_verse	GST	19034022
target_verse	mapping	missing_verse	GST	19036000
target_verse	mapping	missing_verse	GST	19036001
target_verse	mapping	missing_verse	GST	19036002
target_verse	mapping	missing_verse	GST	19036003
target_verse	mapping	missing_verse	GST	19036004
target_verse	mapping	missing_verse	GST	19036005
target_verse	mapping	missing_verse	GST	19036006
target_verse	mapping	missing_verse	GST	19036007
target_verse	mapping	missing_verse	GST	19036008
target_verse	mapping	missing_verse	GST	19036009
target_verse	mapping	missing_verse	GST	19036010
target_verse	mapping	missing_verse	GST	19036011
target_verse	mapping	missing_verse	GST	19036012
target_verse	mapping	missing_verse	GST	19038000
target_verse	mapping	missing_verse	GST	19038001
target_verse	mapping	missing_verse	GST	19038002
target_verse	mapping	missing_verse	GST	19038003
target_verse	mapping	missing_verse	GST	19038004
target_verse	mapping	missing_verse	GST	19038005
target_verse	mapping	missing_verse	GST	19038006
target_verse	mapping	missing_verse	GST	19038007
target_verse	mapping	missing_verse	GST	19038008
target_verse	mapping	missing_verse	GST	19038009
target_verse	mapping	missing_verse	GST	19038010
target_verse	mapping	missing_verse	GST	19038011
target_verse	mapping	missing_verse	GST	19038012
target_verse	mapping	missing_verse	GST	19038013
target_verse	mapping	missing_verse	GST	19038014
target_verse	mapping	missing_verse	GST	19038015
target_verse	mapping	missing_verse	GST	19038016
target_verse	mapping	missing_verse	GST	19038017
target_verse	mapping	missing_verse	GST	19038018
target_verse	mapping	missing_verse	GST	19038019
target_verse	mapping	missing_verse	GST	19038020
target_verse	mapping	missing_verse	GST	19038021
target_verse	mapping	missing_verse	GST	19038022
target_verse	mapping	missing_verse	GST	19039000
target_verse	mapping	missing_verse	GST	19039001
target_verse	mapping	missing_verse	GST	19039002
target_verse	mapping	missing_verse	GST	19039003
target_verse	mapping	missing_verse	GST	19039004
target_verse	mapping	missing_verse	GST	19039005
target_verse	mapping	missing_verse	GST	19039006
target_verse	mapping	missing_verse	GST	19039007
target_verse	mapping	missing_verse	GST	19039008
target_verse	mapping	missing_verse	GST	19039009
target_verse	mapping	missing_verse	GST	19039010
target_verse	mapping	missing_verse	GST	19039011
target_verse	mapping	missing_verse	GST	19039012
target_verse	mapping	missing_verse	GST	19039013
target_verse	mapping	missing_verse	GST	19040000
target_verse	mapping	missing_verse	GST	19040001
target_verse	mapping	missing_verse	GST	19040002
target_verse	mapping	missing_verse	GST	19040003
target_verse	mapping	missing_verse	GST	19040004
target_verse	mapping	missing_verse	GST	19040005
target_verse	mapping	missing_verse	GST	19040006
target_verse	mapping	missing_verse	GST	19040007
target_verse	mapping	missing_verse	GST	19040008
target_verse	mapping	missing_verse	GST	19040009
target_verse	mapping	missing_verse	GST	19040010
target_verse	mapping	missing_verse	GST	19040011
target_verse	mapping	missing_verse	GST	19040012
target_verse	mapping	missing_verse	GST	19040013
target_verse	mapping	missing_verse	GST	19040014
target_verse	mapping	missing_verse	GST	19040015
target_verse	mapping	missing_verse	GST	19040016
target_verse	mapping	missing_verse	GST	19040017
target_verse	mapping	missing_verse	GST	19041000
target_verse	mapping	missing_verse	GST	19041001
target_verse	mapping	missing_verse	GST	19041002
target_verse	mapping	missing_verse	GST	19041003
target_verse	mapping	missing_verse	GST	19041004
target_verse	mapping	missing_verse	GST	19041005
target_verse	mapping	missing_verse	GST	19041006
target_verse	mapping	missing_verse	GST	19041007
target_verse	mapping	missing_verse	GST	19041008
target_verse	mapping	missing_verse	GST	19041009
target_verse	mapping	missing_verse	GST	19041010
target_verse	mapping	missing_verse	GST	19041011
target_verse	mapping	missing_verse	GST	19041012
target_verse	mapping	missing_verse	GST	19041013
target_verse	mapping	missing_verse	GST	19042000
target_verse	mapping	missing_verse	GST	19042001
target_verse	mapping	missing_verse	GST	19042002
target_verse	mapping	missing_verse	GST	19042003
target_verse	mapping	missing_verse	GST	19042004
target_verse	mapping	missing_verse	GST	19042005
target_verse	mapping	missing_verse	GST	19042006
target_verse	mapping	missing_verse	GST	19042007
target_verse	mapping	missing_verse	GST	19042008
target_verse	mapping	missing_verse	GST	19042009
target_verse	mapping	missing_verse	GST	19042010
target_verse	mapping	missing_verse	GST	19042011
target_verse	mapping	missing_verse	GST	19044000
target_verse	mapping	missing_verse	GST	19044001
target_verse	mapping	missing_verse	GST	19044002
target_verse	mapping	missing_verse	GST	19044003
target_verse	mapping	missing_verse	GST	19044004
target_verse	mapping	missing_verse	GST	19044005
target_verse	mapping	missing_verse	GST	19044006
target_verse	mapping	missing_verse	GST	19044007
target_verse	mapping	missing_verse	GST	19044008
target_verse	mapping	missing_verse	GST	19044009
target_verse	mapping	missing_verse	GST	19044010
target_verse	mapping	missing_verse	GST	19044011
target_verse	mapping	missing_verse	GST	19044012
target_verse	mapping	missing_verse	GST	19044013
target_verse	mapping	missing_verse	GST	19044014
target_verse	mapping	missing_verse	GST	19044015
target_verse	mapping	missing_verse	GST	19044016
target_verse	mapping	missing_verse	GST	19044017
target_verse	mapping	missing_verse	GST	19044018
target_verse	mapping	missing_verse	GST	19044019
target_verse	mapping	missing_verse	GST	19044020
target_verse	mapping	missing_verse	GST	19044021
target_verse	mapping	missing_verse	GST	19044022
target_verse	mapping	missing_verse	GST	19044023
target_verse	mapping	missing_verse	GST	19044024
target_verse	mapping	missing_verse	GST	19044025
target_verse	mapping	missing_verse	GST	19044026
target_verse	mapping	missing_verse	GST	19045000
target_verse	mapping	missing_verse	GST	19045001
target_verse	mapping	missing_verse	GST	19045002
target_verse	mapping	missing_verse	GST	19045003
target_verse	mapping	missing_verse	GST	19045004
target_verse	mapping	missing_verse	GST	19045005
target_verse	mapping	missing_verse	GST	19045006
target_verse	mapping	missing_verse	GST	19045007
target_verse	mapping	missing_verse	GST	19045008
target_verse	mapping	missing_verse	GST	19045009
target_verse	mapping	missing_verse	GST	19045010
target_verse	mapping	missing_verse	GST	19045011
target_verse	mapping	missing_verse	GST	19045012
target_verse	mapping	missing_verse	GST	19045013
target_verse	mapping	missing_verse	GST	19045014
target_verse	mapping	missing_verse	GST	19045015
target_verse	mapping	missing_verse	GST	19045016
target_verse	mapping	missing_verse	GST	19045017
target_verse	mapping	missing_verse	GST	19046000
target_verse	mapping	missing_verse	GST	19046001
target_verse	mapping	missing_verse	GST	19046002
target_verse	mapping	missing_verse	GST	19046003
target_verse	mapping	missing_verse	GST	19046004
target_verse	mapping	missing_verse	GST	19046005
target_verse	mapping	missing_verse	GST	19046006
target_verse	mapping	missing_verse	GST	19046007
target_verse	mapping	missing_verse	GST	19046008
target_verse	mapping	missing_verse	GST	19046009
target_verse	mapping	missing_verse	GST	19046010
target_verse	mapping	missing_verse	GST	19046011
target_verse	mapping	missing_verse	GST	19047000
target_verse	mapping	missing_verse	GST	19047001
target_verse	mapping	missing_verse	GST	19047002
target_verse	mapping	missing_verse	GST	19047003
target_verse	mapping	missing_verse	GST	19047004
target_verse	mapping	missing_verse	GST	19047005
target_verse	mapping	missing_verse	GST	19047006
target_verse	mapping	missing_verse	GST	19047007
target_verse	mapping	missing_verse	GST	19047008
target_verse	mapping	missing_verse	GST	19047009
target_verse	mapping	missing_verse	GST	19048000
target_verse	mapping	missing_verse	GST	19048001
target_verse	mapping	missing_verse	GST	19048002
target_verse	mapping	missing_verse	GST	19048003
target_verse	mapping	missing_verse	GST	19048004
target_verse	mapping	missing_verse	GST	19048005
target_verse	mapping	missing_verse	GST	19048006
target_verse	mapping	missing_verse	GST	19048007
target_verse	mapping	missing_verse	GST	19048008
target_verse	mapping	missing_verse	GST	19048009
target_verse	mapping	missing_verse	GST	19048010
target_verse	mapping	missing_verse	GST	19048011
target_verse	mapping	missing_verse	GST	19048012
target_verse	mapping	missing_verse	GST	19048013
target_verse	mapping	missing_verse	GST	19048014
target_verse	mapping	missing_verse	GST	19049000
target_verse	mapping	missing_verse	GST	19049001
target_verse	mapping	missing_verse	GST	19049002
target_verse	mapping	missing_verse	GST	19049003
target_verse	mapping	missing_verse	GST	19049004
target_verse	mapping	missing_verse	GST	19049005
target_verse	mapping	missing_verse	GST	19049006
target_verse	mapping	missing_verse	GST	19049007
target_verse	mapping	missing_verse	GST	19049008
target_verse	mapping	missing_verse	GST	19049009
target_verse	mapping	missing_verse	GST	19049010
target_verse	mapping	missing_verse	GST	19049011
target_verse	mapping	missing_verse	GST	19049012
target_verse	mapping	missing_verse	GST	19049013
target_verse	mapping	missing_verse	GST	19049014
target_verse	mapping	missing_verse	GST	19049015
target_verse	mapping	missing_verse	GST	19049016
target_verse	mapping	missing_verse	GST	19049017
target_verse	mapping	missing_verse	GST	19049018
target_verse	mapping	missing_verse	GST	19049019
target_verse	mapping	missing_verse	GST	19049020
target_verse	mapping	missing_verse	GST	19051000
target_verse	mapping	missing_verse	GST	19051001
target_verse	mapping	missing_verse	GST	19051002
target_verse	mapping	missing_verse	GST	19051003
target_verse	mapping	missing_verse	GST	19051004
target_verse	mapping	missing_verse	GST	19051005
target_verse	mapping	missing_verse	GST	19051006
target_verse	mapping	missing_verse	GST	19051007
target_verse	mapping	missing_verse	GST	19051008
target_verse	mapping	missing_verse	GST	19051009
target_verse	mapping	missing_verse	GST	19051010
target_verse	mapping	missing_verse	GST	19051011
target_verse	mapping	missing_verse	GST	19051012
target_verse	mapping	missing_verse	GST	19051013
target_verse	mapping	missing_verse	GST	19051014
target_verse	mapping	missing_verse	GST	19051015
target_verse	mapping	missing_verse	GST	19051016
target_verse	mapping	missing_verse	GST	19051017
target_verse	mapping	missing_verse	GST	19051018
target_verse	mapping	missing_verse	GST	19051019
target_verse	mapping	missing_verse	GST	19052000
target_verse	mapping	missing_verse	GST	19052001
target_verse	mapping	missing_verse	GST	19052002
target_verse	mapping	missing_verse	GST	19052003
target_verse	mapping	missing_verse	GST	19052004
target_verse	mapping	missing_verse	GST	19052005
target_verse	mapping	missing_verse	GST	19052006
target_verse	mapping	missing_verse	GST	19052007
target_verse	mapping	missing_verse	GST	19052008
target_verse	mapping	missing_verse	GST	19052009
target_verse	mapping	missing_verse	GST	19053000
target_verse	mapping	missing_verse	GST	19053001
target_verse	mapping	missing_verse	GST	19053002
target_verse	mapping	missing_verse	GST	19053003
target_verse	mapping	missing_verse	GST	19053004
target_verse	mapping	missing_verse	GST	19053005
target_verse	mapping	missing_verse	GST	19053006
target_verse	mapping	missing_verse	GST	19054000
target_verse	mapping	missing_verse	GST	19054001
target_verse	mapping	missing_verse	GST	19054002
target_verse	mapping	missing_verse	GST	19054003
target_verse	mapping	missing_verse	GST	19054004
target_verse	mapping	missing_verse	GST	19054005
target_verse	mapping	missing_verse	GST	19054006
target_verse	mapping	missing_verse	GST	19054007
target_verse	mapping	missing_verse	GST	19055000
target_verse	mapping	missing_verse	GST	19055001
target_verse	mapping	missing_verse	GST	19055002
target_verse	mapping	missing_verse	GST	19055003
target_verse	mapping	missing_verse	GST	19055004
target_verse	mapping	missing_verse	GST	19055005
target_verse	mapping	missing_verse	GST	19055006
target_verse	mapping	missing_verse	GST	19055007
target_verse	mapping	missing_verse	GST	19055008
target_verse	mapping	missing_verse	GST	19055009
target_verse	mapping	missing_verse	GST	19055010
target_verse	mapping	missing_verse	GST	19055011
target_verse	mapping	missing_verse	GST	19055012
target_verse	mapping	missing_verse	GST	19055013
target_verse	mapping	missing_verse	GST	19055014
target_verse	mapping	missing_verse	GST	19055015
target_verse	mapping	missing_verse	GST	19055016
target_verse	mapping	missing_verse	GST	19055017
target_verse	mapping	missing_verse	GST	19055018
target_verse	mapping	missing_verse	GST	19055019
target_verse	mapping	missing_verse	GST	19055020
target_verse	mapping	missing_verse	GST	19055021
target_verse	mapping	missing_verse	GST	19055022
target_verse	mapping	missing_verse	GST	19055023
target_verse	mapping	missing_verse	GST	19056000
target_verse	mapping	missing_verse	GST	19056001
target_verse	mapping	missing_verse	GST	19056002
target_verse	mapping	missing_verse	GST	19056003
target_verse	mapping	missing_verse	GST	19056004
target_verse	mapping	missing_verse	GST	19056005
target_verse	mapping	missing_verse	GST	19056006
target_verse	mapping	missing_verse	GST	19056007
target_verse	mapping	missing_verse	GST	19056008
target_verse	mapping	missing_verse	GST	19056009
target_verse	mapping	missing_verse	GST	19056010
target_verse	mapping	missing_verse	GST	19056011
target_verse	mapping	missing_verse	GST	19056012
target_verse	mapping	missing_verse	GST	19056013
target_verse	mapping	missing_verse	GST	19057000
target_verse	mapping	missing_verse	GST	19057001
target_verse	mapping	missing_verse	GST	19057002
target_verse	mapping	missing_verse	GST	19057003
target_verse	mapping	missing_verse	GST	19057004
target_verse	mapping	missing_verse	GST	19057005
target_verse	mapping	missing_verse	GST	19057006
target_verse	mapping	missing_verse	GST	19057007
target_verse	mapping	missing_verse	GST	19057008
target_verse	mapping	missing_verse	GST	19057009
target_verse	mapping	missing_verse	GST	19057010
target_verse	mapping	missing_verse	GST	19057011
target_verse	mapping	missing_verse	GST	19058000
target_verse	mapping	missing_verse	GST	19058001
target_verse	mapping	missing_verse	GST	19058002
target_verse	mapping	missing_verse	GST	19058003
target_verse	mapping	missing_verse	GST	19058004
target_verse	mapping	missing_verse	GST	19058005
target_verse	mapping	missing_verse	GST	19058006
target_verse	mapping	missing_verse	GST	19058007
target_verse	mapping	missing_verse	GST	19058008
target_verse	mapping	missing_verse	GST	19058009
target_verse	mapping	missing_verse	GST	19058010
target_verse	mapping	missing_verse	GST	19058011
target_verse	mapping	missing_verse	GST	19059000
target_verse	mapping	missing_verse	GST	19059001
target_verse	mapping	missing_verse	GST	19059002
target_verse	mapping	missing_verse	GST	19059003
target_verse	mapping	missing_verse	GST	19059004
target_verse	mapping	missing_verse	GST	19059005
target_verse	mapping	missing_verse	GST	19059006
target_verse	mapping	missing_verse	GST	19059007
target_verse	mapping	missing_verse	GST	19059008
target_verse	mapping	missing_verse	GST	19059009
target_verse	mapping	missing_verse	GST	19059010
target_verse	mapping	missing_verse	GST	19059011
target_verse	mapping	missing_verse	GST	19059012
target_verse	mapping	missing_verse	GST	19059013
target_verse	mapping	missing_verse	GST	19059014
target_verse	mapping	missing_verse	GST	19059015
target_verse	mapping	missing_verse	GST	19059016
target_verse	mapping	missing_verse	GST	19059017
target_verse	mapping	missing_verse	GST	19060000
target_verse	mapping	missing_verse	GST	19060001
target_verse	mapping	missing_verse	GST	19060002
target_verse	mapping	missing_verse	GST	19060003
target_verse	mapping	missing_verse	GST	19060004
target_verse	mapping	missing_verse	GST	19060005
target_verse	mapping	missing_verse	GST	19060006
target_verse	mapping	missing_verse	GST	19060007
target_verse	mapping	missing_verse	GST	19060008
target_verse	mapping	missing_verse	GST	19060009
target_verse	mapping	missing_verse	GST	19060010
target_verse	mapping	missing_verse	GST	19060011
target_verse	mapping	missing_verse	GST	19060012
target_verse	mapping	missing_verse	GST	19061000
target_verse	mapping	missing_verse	GST	19061001
target_verse	mapping	missing_verse	GST	19061002
target_verse	mapping	missing_verse	GST	19061003
target_verse	mapping	missing_verse	GST	19061004
target_verse	mapping	missing_verse	GST	19061005
target_verse	mapping	missing_verse	GST	19061006
target_verse	mapping	missing_verse	GST	19061007
target_verse	mapping	missing_verse	GST	19061008
target_verse	mapping	missing_verse	GST	19062000
target_verse	mapping	missing_verse	GST	19062001
target_verse	mapping	missing_verse	GST	19062002
target_verse	mapping	missing_verse	GST	19062003
target_verse	mapping	missing_verse	GST	19062004
target_verse	mapping	missing_verse	GST	19062005
target_verse	mapping	missing_verse	GST	19062006
target_verse	mapping	missing_verse	GST	19062007
target_verse	mapping	missing_verse	GST	19062008
target_verse	mapping	missing_verse	GST	19062009
target_verse	mapping	missing_verse	GST	19062010
target_verse	mapping	missing_verse	GST	19062011
target_verse	mapping	missing_verse	GST	19062012
target_verse	mapping	missing_verse	GST	19063000
target_verse	mapping	missing_verse	GST	19063001
target_verse	mapping	missing_verse	GST	19063002
target_verse	mapping	missing_verse	GST	19063003
target_verse	mapping	missing_verse	GST	19063004
target_verse	mapping	missing_verse	GST	19063005
target_verse	mapping	missing_verse	GST	19063006
target_verse	mapping	missing_verse	GST	19063007
target_verse	mapping	missing_verse	GST	19063008
target_verse	mapping	missing_verse	GST	19063009
target_verse	mapping	missing_verse	GST	19063010
target_verse	mapping	missing_verse	GST	19063011
target_verse	mapping	missing_verse	GST	19064000
target_verse	mapping	missing_verse	GST	19064001
target_verse	mapping	missing_verse	GST	19064002
target_verse	mapping	missing_verse	GST	19064003
target_verse	mapping	missing_verse	GST	19064004
target_verse	mapping	missing_verse	GST	19064005
target_verse	mapping	missing_verse	GST	19064006
target_verse	mapping	missing_verse	GST	19064007
target_verse	mapping	missing_verse	GST	19064008
target_verse	mapping	missing_verse	GST	19064009
target_verse	mapping	missing_verse	GST	19064010
target_verse	mapping	missing_verse	GST	19065000
target_verse	mapping	missing_verse	GST	19065001
target_verse	mapping	missing_verse	GST	19065002
target_verse	mapping	missing_verse	GST	19065003
target_verse	mapping	missing_verse	GST	19065004
target_verse	mapping	missing_verse	GST	19065005
target_verse	mapping	missing_verse	GST	19065006
target_verse	mapping	missing_verse	GST	19065007
target_verse	mapping	missing_verse	GST	19065008
target_verse	mapping	missing_verse	GST	19065009
target_verse	mapping	missing_verse	GST	19065010
target_verse	mapping	missing_verse	GST	19065011
target_verse	mapping	missing_verse	GST	19065012
target_verse	mapping	missing_verse	GST	19065013
target_verse	mapping	missing_verse	GST	19067000
target_verse	mapping	missing_verse	GST	19067001
target_verse	mapping	missing_verse	GST	19067002
target_verse	mapping	missing_verse	GST	19067003
target_verse	mapping	missing_verse	GST	19067004
target_verse	mapping	missing_verse	GST	19067005
target_verse	mapping	missing_verse	GST	19067006
target_verse	mapping	missing_verse	GST	19067007
target_verse	mapping	missing_verse	GST	19068000
target_verse	mapping	missing_verse	GST	19068001
target_verse	mapping	missing_verse	GST	19068002
target_verse	mapping	missing_verse	GST	19068003
target_verse	mapping	missing_verse	GST	19068004
target_verse	mapping	missing_verse	GST	19068005
target_verse	mapping	missing_verse	GST	19068006
target_verse	mapping	missing_verse	GST	19068007
target_verse	mapping	missing_verse	GST	19068008
target_verse	mapping	missing_verse	GST	19068009
target_verse	mapping	missing_verse	GST	19068010
target_verse	mapping	missing_verse	GST	19068011
target_verse	mapping	missing_verse	GST	19068012
target_verse	mapping	missing_verse	GST	19068013
target_verse	mapping	missing_verse	GST	19068014
target_verse	mapping	missing_verse	GST	19068015
target_verse	mapping	missing_verse	GST	19068016
target_verse	mapping	missing_verse	GST	19068017
target_verse	mapping	missing_verse	GST	19068018
target_verse	mapping	missing_verse	GST	19068019
target_verse	mapping	missing_verse	GST	19068020
target_verse	mapping	missing_verse	GST	19068021
target_verse	mapping	missing_verse	GST	19068022
target_verse	mapping	missing_verse	GST	19068023
target_verse	mapping	missing_verse	GST	19068024
target_verse	mapping	missing_verse	GST	19068025
target_verse	mapping	missing_verse	GST	19068026
target_verse	mapping	missing_verse	GST	19068027
target_verse	mapping	missing_verse	GST	19068028
target_verse	mapping	missing_verse	GST	19068029
target_verse	mapping	missing_verse	GST	19068030
target_verse	mapping	missing_verse	GST	19068031
target_verse	mapping	missing_verse	GST	19068032
target_verse	mapping	missing_verse	GST	19068033
target_verse	mapping	missing_verse	GST	19068034
target_verse	mapping	missing_verse	GST	19068035
target_verse	mapping	missing_verse	GST	19069000
target_verse	mapping	missing_verse	GST	19069001
target_verse	mapping	missing_verse	GST	19069002
target_verse	mapping	missing_verse	GST	19069003
target_verse	mapping	missing_verse	GST	19069004
target_verse	mapping	missing_verse	GST	19069005
target_verse	mapping	missing_verse	GST	19069006
target_verse	mapping	missing_verse	GST	19069007
target_verse	mapping	missing_verse	GST	19069008
target_verse	mapping	missing_verse	GST	19069009
target_verse	mapping	missing_verse	GST	19069010
target_verse	mapping	missing_verse	GST	19069011
target_verse	mapping	missing_verse	GST	19069012
target_verse	mapping	missing_verse	GST	19069013
target_verse	mapping	missing_verse	GST	19069014
target_verse	mapping	missing_verse	GST	19069015
target_verse	mapping	missing_verse	GST	19069016
target_verse	mapping	missing_verse	GST	19069017
target_verse	mapping	missing_verse	GST	19069018
target_verse	mapping	missing_verse	GST	19069019
target_verse	mapping	missing_verse	GST	19069020
target_verse	mapping	missing_verse	GST	19069021
target_verse	mapping	missing_verse	GST	19069022
target_verse	mapping	missing_verse	GST	19069023
target_verse	mapping	missing_verse	GST	19069024
target_verse	mapping	missing_verse	GST	19069025
target_verse	mapping	missing_verse	GST	19069026
target_verse	mapping	missing_verse	GST	19069027
target_verse	mapping	missing_verse	GST	19069028
target_verse	mapping	missing_verse	GST	19069029
target_verse	mapping	missing_verse	GST	19069030
target_verse	mapping	missing_verse	GST	19069031
target_verse	mapping	missing_verse	GST	19069032
target_verse	mapping	missing_verse	GST	19069033
target_verse	mapping	missing_verse	GST	19069034
target_verse	mapping	missing_verse	GST	19069035
target_verse	mapping	missing_verse	GST	19069036
target_verse	mapping	missing_verse	GST	19070000
target_verse	mapping	missing_verse	GST	19070001
target_verse	mapping	missing_verse	GST	19070002
target_verse	mapping	missing_verse	GST	19070003
target_verse	mapping	missing_verse	GST	19070004
target_verse	mapping	missing_verse	GST	19070005
target_verse	mapping	missing_verse	GST	19075000
target_verse	mapping	missing_verse	GST	19075001
target_verse	mapping	missing_verse	GST	19075002
target_verse	mapping	missing_verse	GST	19075003
target_verse	mapping	missing_verse	GST	19075004
target_verse	mapping	missing_verse	GST	19075005
target_verse	mapping	missing_verse	GST	19075006
target_verse	mapping	missing_verse	GST	19075007
target_verse	mapping	missing_verse	GST	19075008
target_verse	mapping	missing_verse	GST	19075009
target_verse	mapping	missing_verse	GST	19075010
target_verse	mapping	missing_verse	GST	19076000
target_verse	mapping	missing_verse	GST	19076001
target_verse	mapping	missing_verse	GST	19076002
target_verse	mapping	missing_verse	GST	19076003
target_verse	mapping	missing_verse	GST	19076004
target_verse	mapping	missing_verse	GST	19076005
target_verse	mapping	missing_verse	GST	19076006
target_verse	mapping	missing_verse	GST	19076007
target_verse	mapping	missing_verse	GST	19076008
target_verse	mapping	missing_verse	GST	19076009
target_verse	mapping	missing_verse	GST	19076010
target_verse	mapping	missing_verse	GST	19076011
target_verse	mapping	missing_verse	GST	19076012
target_verse	mapping	missing_verse	GST	19077000
target_verse	mapping	missing_verse	GST	19077001
target_verse	mapping	missing_verse	GST	19077002
target_verse	mapping	missing_verse	GST	19077003
target_verse	mapping	missing_verse	GST	19077004
target_verse	mapping	missing_verse	GST	19077005
target_verse	mapping	missing_verse	GST	19077006
target_verse	mapping	missing_verse	GST	19077007
target_verse	mapping	missing_verse	GST	19077008
target_verse	mapping	missing_verse	GST	19077009
target_verse	mapping	missing_verse	GST	19077010
target_verse	mapping	missing_verse	GST	19077011
target_verse	mapping	missing_verse	GST	19077012
target_verse	mapping	missing_verse	GST	19077013
target_verse	mapping	missing_verse	GST	19077014
target_verse	mapping	missing_verse	GST	19077015
target_verse	mapping	missing_verse	GST	19077016
target_verse	mapping	missing_verse	GST	19077017
target_verse	mapping	missing_verse	GST	19077018
target_verse	mapping	missing_verse	GST	19077019
target_verse	mapping	missing_verse	GST	19077020
target_verse	mapping	missing_verse	GST	19080000
target_verse	mapping	missing_verse	GST	19080001
target_verse	mapping	missing_verse	GST	19080002
target_verse	mapping	missing_verse	GST	19080003
target_verse	mapping	missing_verse	GST	19080004
target_verse	mapping	missing_verse	GST	19080005
target_verse	mapping	missing_verse	GST	19080006
target_verse	mapping	missing_verse	GST	19080007
target_verse	mapping	missing_verse	GST	19080008
target_verse	mapping	missing_verse	GST	19080009
target_verse	mapping	missing_verse	GST	19080010
target_verse	mapping	missing_verse	GST	19080011
target_verse	mapping	missing_verse	GST	19080012
target_verse	mapping	missing_verse	GST	19080013
target_verse	mapping	missing_verse	GST	19080014
target_verse	mapping	missing_verse	GST	19080015
target_verse	mapping	missing_verse	GST	19080016
target_verse	mapping	missing_verse	GST	19080017
target_verse	mapping	missing_verse	GST	19080018
target_verse	mapping	missing_verse	GST	19080019
target_verse	mapping	missing_verse	GST	19081000
target_verse	mapping	missing_verse	GST	19081001
target_verse	mapping	missing_verse	GST	19081002
target_verse	mapping	missing_verse	GST	19081003
target_verse	mapping	missing_verse	GST	19081004
target_verse	mapping	missing_verse	GST	19081005
target_verse	mapping	missing_verse	GST	19081006
target_verse	mapping	missing_verse	GST	19081007
target_verse	mapping	missing_verse	GST	19081008
target_verse	mapping	missing_verse	GST	19081009
target_verse	mapping	missing_verse	GST	19081010
target_verse	mapping	missing_verse	GST	19081011
target_verse	mapping	missing_verse	GST	19081012
target_verse	mapping	missing_verse	GST	19081013
target_verse	mapping	missing_verse	GST	19081014
target_verse	mapping	missing_verse	GST	19081015
target_verse	mapping	missing_verse	GST	19081016
target_verse	mapping	missing_verse	GST	19083000
target_verse	mapping	missing_verse	GST	19083001
target_verse	mapping	missing_verse	GST	19083002
target_verse	mapping	missing_verse	GST	19083003
target_verse	mapping	missing_verse	GST	19083004
target_verse	mapping	missing_verse	GST	19083005
target_verse	mapping	missing_verse	GST	19083006
target_verse	mapping	missing_verse	GST	19083007
target_verse	mapping	missing_verse	GST	19083008
target_verse	mapping	missing_verse	GST	19083009
target_verse	mapping	missing_verse	GST	19083010
target_verse	mapping	missing_verse	GST	19083011
target_verse	mapping	missing_verse	GST	19083012
target_verse	mapping	missing_verse	GST	19083013
target_verse	mapping	missing_verse	GST	19083014
target_verse	mapping	missing_verse	GST	19083015
target_verse	mapping	missing_verse	GST	19083016
target_verse	mapping	missing_verse	GST	19083017
target_verse	mapping	missing_verse	GST	19083018
target_verse	mapping	missing_verse	GST	19084000
target_verse	mapping	missing_verse	GST	19084001
target_verse	mapping	missing_verse	GST	19084002
target_verse	mapping	missing_verse	GST	19084003
target_verse	mapping	missing_verse	GST	19084004
target_verse	mapping	missing_verse	GST	19084005
target_verse	mapping	missing_verse	GST	19084006
target_verse	mapping	missing_verse	GST	19084007
target_verse	mapping	missing_verse	GST	19084008
target_verse	mapping	missing_verse	GST	19084009
target_verse	mapping	missing_verse	GST	19084010
target_verse	mapping	missing_verse	GST	19084011
target_verse	mapping	missing_verse	GST	19084012
target_verse	mapping	missing_verse	GST	19085000
target_verse	mapping	missing_verse	GST	19085001
target_verse	mapping	missing_verse	GST	19085002
target_verse	mapping	missing_verse	GST	19085003
target_verse	mapping	missing_verse	GST	19085004
target_verse	mapping	missing_verse	GST	19085005
target_verse	mapping	missing_verse	GST	19085006
target_verse	mapping	missing_verse	GST	19085007
target_verse	mapping	missing_verse	GST	19085008
target_verse	mapping	missing_verse	GST	19085009
target_verse	mapping	missing_verse	GST	19085010
target_verse	mapping	missing_verse	GST	19085011
target_verse	mapping	missing_verse	GST	19085012
target_verse	mapping	missing_verse	GST	19085013
target_verse	mapping	missing_verse	GST	19088000
target_verse	mapping	missing_verse	GST	19088001
target_verse	mapping	missing_verse	GST	19088002
target_verse	mapping	missing_verse	GST	19088003
target_verse	mapping	missing_verse	GST	19088004
target_verse	mapping	missing_verse	GST	19088005
target_verse	mapping	missing_verse	GST	19088006
target_verse	mapping	missing_verse	GST	19088007
target_verse	mapping	missing_verse	GST	19088008
target_verse	mapping	missing_verse	GST	19088009
target_verse	mapping	missing_verse	GST	19088010
target_verse	mapping	missing_verse	GST	19088011
target_verse	mapping	missing_verse	GST	19088012
target_verse	mapping	missing_verse	GST	19088013
target_verse	mapping	missing_verse	GST	19088014
target_verse	mapping	missing_verse	GST	19088015
target_verse	mapping	missing_verse	GST	19088016
target_verse	mapping	missing_verse	GST	19088017
target_verse	mapping	missing_verse	GST	19088018
target_verse	mapping	missing_verse	GST	19089000
target_verse	mapping	missing_verse	GST	19089001
target_verse	mapping	missing_verse	GST	19089002
target_verse	mapping	missing_verse	GST	19089003
target_verse	mapping	missing_verse	GST	19089004
target_verse	mapping	missing_verse	GST	19089005
target_verse	mapping	missing_verse	GST	19089006
target_verse	mapping	missing_verse	GST	19089007
target_verse	mapping	missing_verse	GST	19089008
target_verse	mapping	missing_verse	GST	19089009
target_verse	mapping	missing_verse	GST	19089010
target_verse	mapping	missing_verse	GST	19089011
target_verse	mapping	missing_verse	GST	19089012
target_verse	mapping	missing_verse	GST	19089013
target_verse	mapping	missing_verse	GST	19089014
target_verse	mapping	missing_verse	GST	19089015
target_verse	mapping	missing_verse	GST	19089016
target_verse	mapping	missing_verse	GST	19089017
target_verse	mapping	missing_verse	GST	19089018
target_verse	mapping	missing_verse	GST	19089019
target_verse	mapping	missing_verse	GST	19089020
target_verse	mapping	missing_verse	GST	19089021
target_verse	mapping	missing_verse	GST	19089022
target_verse	mapping	missing_verse	GST	19089023
target_verse	mapping	missing_verse	GST	19089024
target_verse	mapping	missing_verse	GST	19089025
target_verse	mapping	missing_verse	GST	19089026
target_verse	mapping	missing_verse	GST	19089027
target_verse	mapping	missing_verse	GST	19089028
target_verse	mapping	missing_verse	GST	19089029
target_verse	mapping	missing_verse	GST	19089030
target_verse	mapping	missing_verse	GST	19089031
target_verse	mapping	missing_verse	GST	19089032
target_verse	mapping	missing_verse	GST	19089033
target_verse	mapping	missing_verse	GST	19089034
target_verse	mapping	missing_verse	GST	19089035
target_verse	mapping	missing_verse	GST	19089036
target_verse	mapping	missing_verse	GST	19089037
target_verse	mapping	missing_verse	GST	19089038
target_verse	mapping	missing_verse	GST	19089039
target_verse	mapping	missing_verse	GST	19089040
target_verse	mapping	missing_verse	GST	19089041
target_verse	mapping	missing_verse	GST	19089042
target_verse	mapping	missing_verse	GST	19089043
target_verse	mapping	missing_verse	GST	19089044
target_verse	mapping	missing_verse	GST	19089045
target_verse	mapping	missing_verse	GST	19089046
target_verse	mapping	missing_verse	GST	19089047
target_verse	mapping	missing_verse	GST	19089048
target_verse	mapping	missing_verse	GST	19089049
target_verse	mapping	missing_verse	GST	19089050
target_verse	mapping	missing_verse	GST	19089051
target_verse	mapping	missing_verse	GST	19089052
target_verse	mapping	missing_verse	GST	19092000
target_verse	mapping	missing_verse	GST	19092001
target_verse	mapping	missing_verse	GST	19092002
target_verse	mapping	missing_verse	GST	19092003
target_verse	mapping	missing_verse	GST	19092004
target_verse	mapping	missing_verse	GST	19092005
target_verse	mapping	missing_verse	GST	19092006
target_verse	mapping	missing_verse	GST	19092007
target_verse	mapping	missing_verse	GST	19092008
target_verse	mapping	missing_verse	GST	19092009
target_verse	mapping	missing_verse	GST	19092010
target_verse	mapping	missing_verse	GST	19092011
target_verse	mapping	missing_verse	GST	19092012
target_verse	mapping	missing_verse	GST	19092013
target_verse	mapping	missing_verse	GST	19092014
target_verse	mapping	missing_verse	GST	19092015
target_verse	mapping	missing_verse	GST	19102000
target_verse	mapping	missing_verse	GST	19102001
target_verse	mapping	missing_verse	GST	19102002
target_verse	mapping	missing_verse	GST	19102003
target_verse	mapping	missing_verse	GST	19102004
target_verse	mapping	missing_verse	GST	19102005
target_verse	mapping	missing_verse	GST	19102006
target_verse	mapping	missing_verse	GST	19102007
target_verse	mapping	missing_verse	GST	19102008
target_verse	mapping	missing_verse	GST	19102009
target_verse	mapping	missing_verse	GST	19102010
target_verse	mapping	missing_verse	GST	19102011
target_verse	mapping	missing_verse	GST	19102012
target_verse	mapping	missing_verse	GST	19102013
target_verse	mapping	missing_verse	GST	19102014
target_verse	mapping	missing_verse	GST	19102015
target_verse	mapping	missing_verse	GST	19102016
target_verse	mapping	missing_verse	GST	19102017
target_verse	mapping	missing_verse	GST	19102018
target_verse	mapping	missing_verse	GST	19102019
target_verse	mapping	missing_verse	GST	19102020
target_verse	mapping	missing_verse	GST	19102021
target_verse	mapping	missing_verse	GST	19102022
target_verse	mapping	missing_verse	GST	19102023
target_verse	mapping	missing_verse	GST	19102024
target_verse	mapping	missing_verse	GST	19102025
target_verse	mapping	missing_verse	GST	19102026
target_verse	mapping	missing_verse	GST	19102027
target_verse	mapping	missing_verse	GST	19102028
target_verse	mapping	missing_verse	GST	19108000
target_verse	mapping	missing_verse	GST	19108001
target_verse	mapping	missing_verse	GST	19108002
target_verse	mapping	missing_verse	GST	19108003
target_verse	mapping	missing_verse	GST	19108004
target_verse	mapping	missing_verse	GST	19108005
target_verse	mapping	missing_verse	GST	19108006
target_verse	mapping	missing_verse	GST	19108007
target_verse	mapping	missing_verse	GST	19108008
target_verse	mapping	missing_verse	GST	19108009
target_verse	mapping	missing_verse	GST	19108010
target_verse	mapping	missing_verse	GST	19108011
target_verse	mapping	missing_verse	GST	19108012
target_verse	mapping	missing_verse	GST	19108013
target_verse	mapping	missing_verse	GST	19140000
target_verse	mapping	missing_verse	GST	19140001
target_verse	mapping	missing_verse	GST	19140002
target_verse	mapping	missing_verse	GST	19140003
target_verse	mapping	missing_verse	GST	19140004
target_verse	mapping	missing_verse	GST	19140005
target_verse	mapping	missing_verse	GST	19140006
target_verse	mapping	missing_verse	GST	19140007
target_verse	mapping	missing_verse	GST	19140008
target_verse	mapping	missing_verse	GST	19140009
target_verse	mapping	missing_verse	GST	19140010
target_verse	mapping	missing_verse	GST	19140011
target_verse	mapping	missing_verse	GST	19140012
target_verse	mapping	missing_verse	GST	19140013
target_verse	mapping	missing_verse	GST	19142000
target_verse	mapping	missing_verse	GST	19142001
target_verse	mapping	missing_verse	GST	19142002
target_verse	mapping	missing_verse	GST	19142003
target_verse	mapping	missing_verse	GST	19142004
target_verse	mapping	missing_verse	GST	19142005
target_verse	mapping	missing_verse	GST	19142006
target_verse	mapping	missing_verse	GST	19142007
target_verse	mapping	missing_verse	GST	21005001
target_verse	mapping	missing_verse	GST	21005002
target_verse	mapping	missing_verse	GST	21005003
target_verse	mapping	missing_verse	GST	21005004
target_verse	mapping	missing_verse	GST	21005005
target_verse	mapping	missing_verse	GST	21005006
target_verse	mapping	missing_verse	GST	21005007
target_verse	mapping	missing_verse	GST	21005008
target_verse	mapping	missing_verse	GST	21005009
target_verse	mapping	missing_verse	GST	21005010
target_verse	mapping	missing_verse	GST	21005011
target_verse	mapping	missing_verse	GST	21005012
target_verse	mapping	missing_verse	GST	21005013
target_verse	mapping	missing_verse	GST	21005014
target_verse	mapping	missing_verse	GST	21005015
target_verse	mapping	missing_verse	GST	21005016
target_verse	mapping	missing_verse	GST	21005017
target_verse	mapping	missing_verse	GST	21005018
target_verse	mapping	missing_verse	GST	21005019
target_verse	mapping	missing_verse	GST	21005020
target_verse	mapping	missing_verse	GST	22006013
target_verse	mapping	missing_verse	GST	22007001
target_verse	mapping	missing_verse	GST	22007002
target_verse	mapping	missing_verse	GST	22007003
target_verse	mapping	missing_verse	GST	22007004
target_verse	mapping	missing_verse	GST	22007005
target_verse	mapping	missing_verse	GST	22007006
target_verse	mapping	missing_verse	GST	22007007
target_verse	mapping	missing_verse	GST	22007008
target_verse	mapping	missing_verse	GST	22007009
target_verse	mapping	missing_verse	GST	22007010
target_verse	mapping	missing_verse	GST	22007011
target_verse	mapping	missing_verse	GST	22007012
target_verse	mapping	missing_verse	GST	22007013
target_verse	mapping	missing_verse	GST	23009001
target_verse	mapping	missing_verse	GST	23009002
target_verse	mapping	missing_verse	GST	23009003
target_verse	mapping	missing_verse	GST	23009004
target_verse	mapping	missing_verse	GST	23009005
target_verse	mapping	missing_verse	GST	23009006
target_verse	mapping	missing_verse	GST	23009007
target_verse	mapping	missing_verse	GST	23009008
target_verse	mapping	missing_verse	GST	23009009
target_verse	mapping	missing_verse	GST	23009010
target_verse	mapping	missing_verse	GST	23009011
target_verse	mapping	missing_verse	GST	23009012
target_verse	mapping	missing_verse	GST	23009013
target_verse	mapping	missing_verse	GST	23009014
target_verse	mapping	missing_verse	GST	23009015
target_verse	mapping	missing_verse	GST	23009016
target_verse	mapping	missing_verse	GST	23009017
target_verse	mapping	missing_verse	GST	23009018
target_verse	mapping	missing_verse	GST	23009019
target_verse	mapping	missing_verse	GST	23009020
target_verse	mapping	missing_verse	GST	23009021
target_verse	mapping	missing_verse	GST	23064002
target_verse	mapping	missing_verse	GST	23064003
target_verse	mapping	missing_verse	GST	23064004
target_verse	mapping	missing_verse	GST	23064005
target_verse	mapping	missing_verse	GST	23064006
target_verse	mapping	missing_verse	GST	23064007
target_verse	mapping	missing_verse	GST	23064008
target_verse	mapping	missing_verse	GST	23064009
target_verse	mapping	missing_verse	GST	23064010
target_verse	mapping	missing_verse	GST	23064011
target_verse	mapping	missing_verse	GST	23064012
target_verse	mapping	missing_verse	GST	24009001
target_verse	mapping	missing_verse	GST	24009002
target_verse	mapping	missing_verse	GST	24009003
target_verse	mapping	missing_verse	GST	24009004
target_verse	mapping	missing_verse	GST	24009005
target_verse	mapping	missing_verse	GST	24009006
target_verse	mapping	missing_verse	GST	24009007
target_verse	mapping	missing_verse	GST	24009008
target_verse	mapping	missing_verse	GST	24009009
target_verse	mapping	missing_verse	GST	24009010
target_verse	mapping	missing_verse	GST	24009011
target_verse	mapping	missing_verse	GST	24009012
target_verse	mapping	missing_verse	GST	24009013
target_verse	mapping	missing_verse	GST	24009014
target_verse	mapping	missing_verse	GST	24009015
target_verse	mapping	missing_verse	GST	24009016
target_verse	mapping	missing_verse	GST	24009017
target_verse	mapping	missing_verse	GST	24009018
target_verse	mapping	missing_verse	GST	24009019
target_verse	mapping	missing_verse	GST	24009020
target_verse	mapping	missing_verse	GST	24009021
target_verse	mapping	missing_verse	GST	24009022
target_verse	mapping	missing_verse	GST	24009023
target_verse	mapping	missing_verse	GST	24009024
target_verse	mapping	missing_verse	GST	24009025
target_verse	mapping	missing_verse	GST	24009026
target_verse	mapping	missing_verse	GST	26020045
target_verse	mapping	missing_verse	GST	26020046
target_verse	mapping	missing_verse	GST	26020047
target_verse	mapping	missing_verse	GST	26020048
target_verse	mapping	missing_verse	GST	26020049
target_verse	mapping	missing_verse	GST	26021001
target_verse	mapping	missing_verse	GST	26021002
target_verse	mapping	missing_verse	GST	26021003
target_verse	mapping	missing_verse	GST	26021004
target_verse	mapping	missing_verse	GST	26021005
target_verse	mapping	missing_verse	GST	26021006
target_verse	mapping	missing_verse	GST	26021007
target_verse	mapping	missing_verse	GST	26021008
target_verse	mapping	missing_verse	GST	26021009
target_verse	mapping	missing_verse	GST	26021010
target_verse	mapping	missing_verse	GST	26021011
target_verse	mapping	missing_verse	GST	26021012
target_verse	mapping	missing_verse	GST	26021013
target_verse	mapping	missing_verse	GST	26021014
target_verse	mapping	missing_verse	GST	26021015
target_verse	mapping	missing_verse	GST	26021016
target_verse	mapping	missing_verse	GST	26021017
target_verse	mapping	missing_verse	GST	26021018
target_verse	mapping	missing_verse	GST	26021019
target_verse	mapping	missing_verse	GST	26021020
target_verse	mapping	missing_verse	GST	26021021
target_verse	mapping	missing_verse	GST	26021022
target_verse	mapping	missing_verse	GST	26021023
target_verse	mapping	missing_verse	GST	26021024
target_verse	mapping	missing_verse	GST	26021025
target_verse	mapping	missing_verse	GST	26021026
target_verse	mapping	missing_verse	GST	26021027
target_verse	mapping	missing_verse	GST	26021028
target_verse	mapping	missing_verse	GST	26021029
target_verse	mapping	missing_verse	GST	26021030
target_verse	mapping	missing_verse	GST	26021031
target_verse	mapping	missing_verse	GST	26021032
target_verse	mapping	missing_verse	GST	27004001
target_verse	mapping	missing_verse	GST	27004002
target_verse	mapping	missing_verse	GST	27004003
target_verse	mapping	missing_verse	GST	27004004
target_verse	mapping	missing_verse	GST	27004005
target_verse	mapping	missing_verse	GST	27004006
target_verse	mapping	missing_verse	GST	27004007
target_verse	mapping	missing_verse	GST	27004008
target_verse	mapping	missing_verse	GST	27004009
target_verse	mapping	missing_verse	GST	27004010
target_verse	mapping	missing_verse	GST	27004011
target_verse	mapping	missing_verse	GST	27004012
target_verse	mapping	missing_verse	GST	27004013
target_verse	mapping	missing_verse	GST	27004014
target_verse	mapping	missing_verse	GST	27004015
target_verse	mapping	missing_verse	GST	27004016
target_verse	mapping	missing_verse	GST	27004017
target_verse	mapping	missing_verse	GST	27004018
target_verse	mapping	missing_verse	GST	27004019
target_verse	mapping	missing_verse	GST	27004020
target_verse	mapping	missing_verse	GST	27004021
target_verse	mapping	missing_verse	GST	27004022
target_verse	mapping	missing_verse	GST	27004023
target_verse	mapping	missing_verse	GST	27004024
target_verse	mapping	missing_verse	GST	27004025
target_verse	mapping	missing_verse	GST	27004026
target_verse	mapping	missing_verse	GST	27004027
target_verse	mapping	missing_verse	GST	27004028
target_verse	mapping	missing_verse	GST	27004029
target_verse	mapping	missing_verse	GST	27004030
target_verse	mapping	missing_verse	GST	27004031
target_verse	mapping	missing_verse	GST	27004032
target_verse	mapping	missing_verse	GST	27004033
target_verse	mapping	missing_verse	GST	27004034
target_verse	mapping	missing_verse	GST	27004035
target_verse	mapping	missing_verse	GST	27004036
target_verse	mapping	missing_verse	GST	27004037
target_verse	mapping	missing_verse	GST	27005031
target_verse	mapping	missing_verse	GST	27006001
target_verse	mapping	missing_verse	GST	27006002
target_verse	mapping	missing_verse	GST	27006003
target_verse	mapping	missing_verse	GST	27006004
target_verse	mapping	missing_verse	GST	27006005
target_verse	mapping	missing_verse	GST	27006006
target_verse	mapping	missing_verse	GST	27006007
target_verse	mapping	missing_verse	GST	27006008
target_verse	mapping	missing_verse	GST	27006009
target_verse	mapping	missing_verse	GST	27006010
target_verse	mapping	missing_verse	GST	27006011
target_verse	mapping	missing_verse	GST	27006012
target_verse	mapping	missing_verse	GST	27006013
target_verse	mapping	missing_verse	GST	27006014
target_verse	mapping	missing_verse	GST	27006015
target_verse	mapping	missing_verse	GST	27006016
target_verse	mapping	missing_verse	GST	27006017
target_verse	mapping	missing_verse	GST	27006018
target_verse	mapping	missing_verse	GST	27006019
target_verse	mapping	missing_verse	GST	27006020
target_verse	mapping	missing_verse	GST	27006021
target_verse	mapping	missing_verse	GST	27006022
target_verse	mapping	missing_verse	GST	27006023
target_verse	mapping	missing_verse	GST	27006024
target_verse	mapping	missing_verse	GST	27006025
target_verse	mapping	missing_verse	GST	27006026
target_verse	mapping	missing_verse	GST	27006027
target_verse	mapping	missing_verse	GST	27006028
target_verse	mapping	missing_verse	GST	28001010
target_verse	mapping	missing_verse	GST	28001011
target_verse	mapping	missing_verse	GST	28002001
target_verse	mapping	missing_verse	GST	28002002
target_verse	mapping	missing_verse	GST	28002003
target_verse	mapping	missing_verse	GST	28002004
target_verse	mapping	missing_verse	GST	28002005
target_verse	mapping	missing_verse	GST	28002006
target_verse	mapping	missing_verse	GST	28002007
target_verse	mapping	missing_verse	GST	28002008
target_verse	mapping	missing_verse	GST	28002009
target_verse	mapping	missing_verse	GST	28002010
target_verse	mapping	missing_verse	GST	28002011
target_verse	mapping	missing_verse	GST	28002012
target_verse	mapping	missing_verse	GST	28002013
target_verse	mapping	missing_verse	GST	28002014
target_verse	mapping	missing_verse	GST	28002015
target_verse	mapping	missing_verse	GST	28002016
target_verse	mapping	missing_verse	GST	28002017
target_verse	mapping	missing_verse	GST	28002018
target_verse	mapping	missing_verse	GST	28002019
target_verse	mapping	missing_verse	GST	28002020
target_verse	mapping	missing_verse	GST	28002021
target_verse	mapping	missing_verse	GST	28002022
target_verse	mapping	missing_verse	GST	28002023
target_verse	mapping	missing_verse	GST	28011012
target_verse	mapping	missing_verse	GST	28012001
target_verse	mapping	missing_verse	GST	28012002
target_verse	mapping	missing_verse	GST	28012003
target_verse	mapping	missing_verse	GST	28012004
target_verse	mapping	missing_verse	GST	28012005
target_verse	mapping	missing_verse	GST	28012006
target_verse	mapping	missing_verse	GST	28012007
target_verse	mapping	missing_verse	GST	28012008
target_verse	mapping	missing_verse	GST	28012009
target_verse	mapping	missing_verse	GST	28012010
target_verse	mapping	missing_verse	GST	28012011
target_verse	mapping	missing_verse	GST	28012012
target_verse	mapping	missing_verse	GST	28012013
target_verse	mapping	missing_verse	GST	28012014
target_verse	mapping	missing_verse	GST	28013016
target_verse	mapping	missing_verse	GST	28014001
target_verse	mapping	missing_verse	GST	28014002
target_verse	mapping	missing_verse	GST	28014003
target_verse	mapping	missing_verse	GST	28014004
target_verse	mapping	missing_verse	GST	28014005
target_verse	mapping	missing_verse	GST	28014006
target_verse	mapping	missing_verse	GST	28014007
target_verse	mapping	missing_verse	GST	28014008
target_verse	mapping	missing_verse	GST	28014009
target_verse	mapping	missing_verse	GST	29002028
target_verse	mapping	missing_verse	GST	29002029
target_verse	mapping	missing_verse	GST	29002030
target_verse	mapping	missing_verse	GST	29002031
target_verse	mapping	missing_verse	GST	29002032
target_verse	mapping	missing_verse	GST	29003001
target_verse	mapping	missing_verse	GST	29003002
target_verse	mapping	missing_verse	GST	29003003
target_verse	mapping	missing_verse	GST	29003004
target_verse	mapping	missing_verse	GST	29003005
target_verse	mapping	missing_verse	GST	29003006
target_verse	mapping	missing_verse	GST	29003007
target_verse	mapping	missing_verse	GST	29003008
target_verse	mapping	missing_verse	GST	29003009
target_verse	mapping	missing_verse	GST	29003010
target_verse	mapping	missing_verse	GST	29003011
target_verse	mapping	missing_verse	GST	29003012
target_verse	mapping	missing_verse	GST	29003013
target_verse	mapping	missing_verse	GST	29003014
target_verse	mapping	missing_verse	GST	29003015
target_verse	mapping	missing_verse	GST	29003016
target_verse	mapping	missing_verse	GST	29003017
target_verse	mapping	missing_verse	GST	29003018
target_verse	mapping	missing_verse	GST	29003019
target_verse	mapping	missing_verse	GST	29003020
target_verse	mapping	missing_verse	GST	29003021
target_verse	mapping	missing_verse	GST	33005001
target_verse	mapping	missing_verse	GST	33005002
target_verse	mapping	missing_verse	GST	33005003
target_verse	mapping	missing_verse	GST	33005004
target_verse	mapping	missing_verse	GST	33005005
target_verse	mapping	missing_verse	GST	33005006
target_verse	mapping	missing_verse	GST	33005007
target_verse	mapping	missing_verse	GST	33005008
target_verse	mapping	missing_verse	GST	33005009
target_verse	mapping	missing_verse	GST	33005010
target_verse	mapping	missing_verse	GST	33005011
target_verse	mapping	missing_verse	GST	33005012
target_verse	mapping	missing_verse	GST	33005013
target_verse	mapping	missing_verse	GST	33005014
target_verse	mapping	missing_verse	GST	33005015
target_verse	mapping	missing_verse	GST	34001015
target_verse	mapping	missing_verse	GST	34002001
target_verse	mapping	missing_verse	GST	34002002
target_verse	mapping	missing_verse	GST	34002003
target_verse	mapping	missing_verse	GST	34002004
target_verse	mapping	missing_verse	GST	34002005
target_verse	mapping	missing_verse	GST	34002006
target_verse	mapping	missing_verse	GST	34002007
target_verse	mapping	missing_verse	GST	34002008
target_verse	mapping	missing_verse	GST	34002009
target_verse	mapping	missing_verse	GST	34002010
target_verse	mapping	missing_verse	GST	34002011
target_verse	mapping	missing_verse	GST	34002012
target_verse	mapping	missing_verse	GST	34002013
target_verse	mapping	missing_verse	GST	38001018
target_verse	mapping	missing_verse	GST	38001019
target_verse	mapping	missing_verse	GST	38001020
target_verse	mapping	missing_verse	GST	38001021
target_verse	mapping	missing_verse	GST	38002001
target_verse	mapping	missing_verse	GST	38002002
target_verse	mapping	missing_verse	GST	38002003
target_verse	mapping	missing_verse	GST	38002004
target_verse	mapping	missing_verse	GST	38002005
target_verse	mapping	missing_verse	GST	38002006
target_verse	mapping	missing_verse	GST	38002007
target_verse	mapping	missing_verse	GST	38002008
target_verse	mapping	missing_verse	GST	38002009
target_verse	mapping	missing_verse	GST	38002010
target_verse	mapping	missing_verse	GST	38002011
target_verse	mapping	missing_verse	GST	38002012
target_verse	mapping	missing_verse	GST	38002013
target_verse	mapping	missing_verse	GST	39004001
target_verse	mapping	missing_verse	GST	39004002
target_verse	mapping	missing_verse	GST	39004003
target_verse	mapping	missing_verse	GST	39004004
target_verse	mapping	missing_verse	GST	39004005
target_verse	mapping	missing_verse	GST	39004006
target_verse	mapping	missing_verse	GST	44019040
target_verse	mapping	missing_verse	GST	44019041
