source_verse	mapping	missing_verse	GLT	01032001
source_verse	mapping	missing_verse	GLT	01032002
source_verse	mapping	missing_verse	GLT	01032003
source_verse	mapping	missing_verse	GLT	01032004
source_verse	mapping	missing_verse	GLT	01032005
source_verse	mapping	missing_verse	GLT	01032006
source_verse	mapping	missing_verse	GLT	01032007
source_verse	mapping	missing_verse	GLT	01032008
source_verse	mapping	missing_verse	GLT	01032009
source_verse	mapping	missing_verse	GLT	01032010
source_verse	mapping	missing_verse	GLT	01032011
source_verse	mapping	missing_verse	GLT	01032012
source_verse	mapping	missing_verse	GLT	01032013
source_verse	mapping	missing_verse	GLT	01032014
source_verse	mapping	missing_verse	GLT	01032015
source_verse	mapping	missing_verse	GLT	01032016
source_verse	mapping	missing_verse	GLT	01032017
source_verse	mapping	missing_verse	GLT	01032018
source_verse	mapping	missing_verse	GLT	01032019
source_verse	mapping	missing_verse	GLT	01032020
source_verse	mapping	missing_verse	GLT	01032021
source_verse	mapping	missing_verse	GLT	01032022
source_verse	mapping	missing_verse	GLT	01032023
source_verse	mapping	missing_verse	GLT	01032024
source_verse	mapping	missing_verse	GLT	01032025
source_verse	mapping	missing_verse	GLT	01032026
source_verse	mapping	missing_verse	GLT	01032027
source_verse	mapping	missing_verse	GLT	01032028
source_verse	mapping	missing_verse	GLT	01032029
source_verse	mapping	missing_verse	GLT	01032030
source_verse	mapping	missing_verse	GLT	01032031
source_verse	mapping	missing_verse	GLT	01032032
source_verse	mapping	missing_verse	GLT	01032033
source_verse	mapping	missing_verse	GLT	02007026
source_verse	mapping	missing_verse	GLT	02007027
source_verse	mapping	missing_verse	GLT	02007028
source_verse	mapping	missing_verse	GLT	02007029
source_verse	mapping	missing_verse	GLT	02008001
source_verse	mapping	missing_verse	GLT	02008002
source_verse	mapping	missing_verse	GLT	02008003
source_verse	mapping	missing_verse	GLT	02008004
source_verse	mapping	missing_verse	GLT	02008005
source_verse	mapping	missing_verse	GLT	02008006
source_verse	mapping	missing_verse	GLT	02008007
source_verse	mapping	missing_verse	GLT	02008008
source_verse	mapping	missing_verse	GLT	02008009
source_verse	mapping	missing_verse	GLT	02008010
source_verse	mapping	missing_verse	GLT	02008011
source_verse	mapping	missing_verse	GLT	02008012
source_verse	mapping	missing_verse	GLT	02008013
source_verse	mapping	missing_verse	GLT	02008014
source_verse	mapping	missing_verse	GLT	02008015
source_verse	mapping	missing_verse	GLT	02008016
source_verse	mapping	missing_verse	GLT	02008017
source_verse	mapping	missing_verse	GLT	02008018
source_verse	mapping	missing_verse	GLT	02008019
source_verse	mapping	missing_verse	GLT	02008020
source_verse	mapping	missing_verse	GLT	02008021
source_verse	mapping	missing_verse	GLT	02008022
source_verse	mapping	missing_verse	GLT	02008023
source_verse	mapping	missing_verse	GLT	02008024
source_verse	mapping	missing_verse	GLT	02008025
source_verse	mapping	missing_verse	GLT	02008026
source_verse	mapping	missing_verse	GLT	02008027
source_verse	mapping	missing_verse	GLT	02008028
source_verse	mapping	missing_verse	GLT	02021037
source_verse	mapping	missing_verse	GLT	02022001
source_verse	mapping	missing_verse	GLT	02022002
source_verse	mapping	missing_verse	GLT	02022003
source_verse	mapping	missing_verse	GLT	02022004
source_verse	mapping	missing_verse	GLT	02022005
source_verse	mapping	missing_verse	GLT	02022006
source_verse	mapping	missing_verse	GLT	02022007
source_verse	mapping	missing_verse	GLT	02022008
source_verse	mapping	missing_verse	GLT	02022009
source_verse	mapping	missing_verse	GLT	02022010
source_verse	mapping	missing_verse	GLT	02022011
source_verse	mapping	missing_verse	GLT	02022012
source_verse	mapping	missing_verse	GLT	02022013
source_verse	mapping	missing_verse	GLT	02022014
source_verse	mapping	missing_verse	GLT	02022015
source_verse	mapping	missing_verse	GLT	02022016
source_verse	mapping	missing_verse	GLT	02022017
source_verse	mapping	missing_verse	GLT	02022018
source_verse	mapping	missing_verse	GLT	02022019
source_verse	mapping	missing_verse	GLT	02022020
source_verse	mapping	missing_verse	GLT	02022021
source_verse	mapping	missing_verse	GLT	02022022
source_verse	mapping	missing_verse	GLT	02022023
source_verse	mapping	missing_verse	GLT	02022024
source_verse	mapping	missing_verse	GLT	02022025
source_verse	mapping	missing_verse	GLT	02022026
source_verse	mapping	missing_verse	GLT	02022027
source_verse	mapping	missing_verse	GLT	02022028
source_verse	mapping	missing_verse	GLT	02022029
source_verse	mapping	missing_verse	GLT	02022030
source_verse	mapping	missing_verse	GLT	03005020
source_verse	mapping	missing_verse	GLT	03005021
source_verse	mapping	missing_verse	GLT	03005022
source_verse	mapping	missing_verse	GLT	03005023
source_verse	mapping	missing_verse	GLT	03005024
source_verse	mapping	missing_verse	GLT	03005025
source_verse	mapping	missing_verse	GLT	03005026
source_verse	mapping	missing_verse	GLT	03006001
source_verse	mapping	missing_verse	GLT	03006002
source_verse	mapping	missing_verse	GLT	03006003
source_verse	mapping	missing_verse	GLT	03006004
source_verse	mapping	missing_verse	GLT	03006005
source_verse	mapping	missing_verse	GLT	03006006
source_verse	mapping	missing_verse	GLT	03006007
source_verse	mapping	missing_verse	GLT	03006008
source_verse	mapping	missing_verse	GLT	03006009
source_verse	mapping	missing_verse	GLT	03006010
source_verse	mapping	missing_verse	GLT	03006011
source_verse	mapping	missing_verse	GLT	03006012
source_verse	mapping	missing_verse	GLT	03006013
source_verse	mapping	missing_verse	GLT	03006014
source_verse	mapping	missing_verse	GLT	03006015
source_verse	mapping	missing_verse	GLT	03006016
source_verse	mapping	missing_verse	GLT	03006017
source_verse	mapping	missing_verse	GLT	03006018
source_verse	mapping	missing_verse	GLT	03006019
source_verse	mapping	missing_verse	GLT	03006020
source_verse	mapping	missing_verse	GLT	03006021
source_verse	mapping	missing_verse	GLT	03006022
source_verse	mapping	missing_verse	GLT	03006023
source_verse	mapping	missing_verse	GLT	04017001
source_verse	mapping	missing_verse	GLT	04017002
source_verse	mapping	missing_verse	GLT	04017003
source_verse	mapping	missing_verse	GLT	04017004
source_verse	mapping	missing_verse	GLT	04017005
source_verse	mapping	missing_verse	GLT	04017006
source_verse	mapping	missing_verse	GLT	04017007
source_verse	mapping	missing_verse	GLT	04017008
source_verse	mapping	missing_verse	GLT	04017009
source_verse	mapping	missing_verse	GLT	04017010
source_verse	mapping	missing_verse	GLT	04017011
source_verse	mapping	missing_verse	GLT	04017012
source_verse	mapping	missing_verse	GLT	04017013
source_verse	mapping	missing_verse	GLT	04017014
source_verse	mapping	missing_verse	GLT	04017015
source_verse	mapping	missing_verse	GLT	04017016
source_verse	mapping	missing_verse	GLT	04017017
source_verse	mapping	missing_verse	GLT	04017018
source_verse	mapping	missing_verse	GLT	04017019
source_verse	mapping	missing_verse	GLT	04017020
source_verse	mapping	missing_verse	GLT	04017021
source_verse	mapping	missing_verse	GLT	04017022
source_verse	mapping	missing_verse	GLT	04017023
source_verse	mapping	missing_verse	GLT	04017024
source_verse	mapping	missing_verse	GLT	04017025
source_verse	mapping	missing_verse	GLT	04017026
source_verse	mapping	missing_verse	GLT	04017027
source_verse	mapping	missing_verse	GLT	04017028
source_verse	mapping	missing_verse	GLT	04030001
source_verse	mapping	missing_verse	GLT	04030002
source_verse	mapping	missing_verse	GLT	04030003
source_verse	mapping	missing_verse	GLT	04030004
source_verse	mapping	missing_verse	GLT	04030005
source_verse	mapping	missing_verse	GLT	04030006
source_verse	mapping	missing_verse	GLT	04030007
source_verse	mapping	missing_verse	GLT	04030008
source_verse	mapping	missing_verse	GLT	04030009
source_verse	mapping	missing_verse	GLT	04030010
source_verse	mapping	missing_verse	GLT	04030011
source_verse	mapping	missing_verse	GLT	04030012
source_verse	mapping	missing_verse	GLT	04030013
source_verse	mapping	missing_verse	GLT	04030014
source_verse	mapping	missing_verse	GLT	04030015
source_verse	mapping	missing_verse	GLT	04030016
source_verse	mapping	missing_verse	GLT	04030017
source_verse	mapping	missing_verse	GLT	05013001
source_verse	mapping	missing_verse	GLT	05013002
source_verse	mapping	missing_verse	GLT	05013003
source_verse	mapping	missing_verse	GLT	05013004
source_verse	mapping	missing_verse	GLT	05013005
source_verse	mapping	missing_verse	GLT	05013006
source_verse	mapping	missing_verse	GLT	05013007
source_verse	mapping	missing_verse	GLT	05013008
source_verse	mapping	missing_verse	GLT	05013009
source_verse	mapping	missing_verse	GLT	05013010
source_verse	mapping	missing_verse	GLT	05013011
source_verse	mapping	missing_verse	GLT	05013012
source_verse	mapping	missing_verse	GLT	05013013
source_verse	mapping	missing_verse	GLT	05013014
source_verse	mapping	missing_verse	GLT	05013015
source_verse	mapping	missing_verse	GLT	05013016
source_verse	mapping	missing_verse	GLT	05013017
source_verse	mapping	missing_verse	GLT	05013018
source_verse	mapping	missing_verse	GLT	05013019
source_verse	mapping	missing_verse	GLT	05023001
source_verse	mapping	missing_verse	GLT	05023002
source_verse	mapping	missing_verse	GLT	05023003
source_verse	mapping	missing_verse	GLT	05023004
source_verse	mapping	missing_verse	GLT	05023005
source_verse	mapping	missing_verse	GLT	05023006
source_verse	mapping	missing_verse	GLT	05023007
source_verse	mapping	missing_verse	GLT	05023008
source_verse	mapping	missing_verse	GLT	05023009
source_verse	mapping	missing_verse	GLT	05023010
source_verse	mapping	missing_verse	GLT	05023011
source_verse	mapping	missing_verse	GLT	05023012
source_verse	mapping	missing_verse	GLT	05023013
source_verse	mapping	missing_verse	GLT	05023014
source_verse	mapping	missing_verse	GLT	05023015
source_verse	mapping	missing_verse	GLT	05023016
source_verse	mapping	missing_verse	GLT	05023017
source_verse	mapping	missing_verse	GLT	05023018
source_verse	mapping	missing_verse	GLT	05023019
source_verse	mapping	missing_verse	GLT	05023020
source_verse	mapping	missing_verse	GLT	05023021
source_verse	mapping	missing_verse	GLT	05023022
source_verse	mapping	missing_verse	GLT	05023023
source_verse	mapping	missing_verse	GLT	05023024
source_verse	mapping	missing_verse	GLT	05023025
source_verse	mapping	missing_verse	GLT	05023026
source_verse	mapping	missing_verse	GLT	05028069
source_verse	mapping	missing_verse	GLT	05029001
source_verse	mapping	missing_verse	GLT	05029002
source_verse	mapping	missing_verse	GLT	05029003
source_verse	mapping	missing_verse	GLT	05029004
source_verse	mapping	missing_verse	GLT	05029005
source_verse	mapping	missing_verse	GLT	05029006
source_verse	mapping	missing_verse	GLT	05029007
source_verse	mapping	missing_verse	GLT	05029008
source_verse	mapping	missing_verse	GLT	05029009
source_verse	mapping	missing_verse	GLT	05029010
source_verse	mapping	missing_verse	GLT	05029011
source_verse	mapping	missing_verse	GLT	05029012
source_verse	mapping	missing_verse	GLT	05029013
source_verse	mapping	missing_verse	GLT	05029014
source_verse	mapping	missing_verse	GLT	05029015
source_verse	mapping	missing_verse	GLT	05029016
source_verse	mapping	missing_verse	GLT	05029017
source_verse	mapping	missing_verse	GLT	05029018
source_verse	mapping	missing_verse	GLT	05029019
source_verse	mapping	missing_verse	GLT	05029020
source_verse	mapping	missing_verse	GLT	05029021
source_verse	mapping	missing_verse	GLT	05029022
source_verse	mapping	missing_verse	GLT	05029023
source_verse	mapping	missing_verse	GLT	05029024
source_verse	mapping	missing_verse	GLT	05029025
source_verse	mapping	missing_verse	GLT	05029026
source_verse	mapping	missing_verse	GLT	05029027
source_verse	mapping	missing_verse	GLT	05029028
source_verse	mapping	missing_verse	GLT	09021001
source_verse	mapping	missing_verse	GLT	09021002
source_verse	mapping	missing_verse	GLT	09021003
source_verse	mapping	missing_verse	GLT	09021004
source_verse	mapping	missing_verse	GLT	09021005
source_verse	mapping	missing_verse	GLT	09021006
source_verse	mapping	missing_verse	GLT	09021007
source_verse	mapping	missing_verse	GLT	09021008
source_verse	mapping	missing_verse	GLT	09021009
source_verse	mapping	missing_verse	GLT	09021010
source_verse	mapping	missing_verse	GLT	09021011
source_verse	mapping	missing_verse	GLT	09021012
source_verse	mapping	missing_verse	GLT	09021013
source_verse	mapping	missing_verse	GLT	09021014
source_verse	mapping	missing_verse	GLT	09021015
source_verse	mapping	missing_verse	GLT	09021016
source_verse	mapping	missing_verse	GLT	09024001
source_verse	mapping	missing_verse	GLT	09024002
source_verse	mapping	missing_verse	GLT	09024003
source_verse	mapping	missing_verse	GLT	09024004
source_verse	mapping	missing_verse	GLT	09024005
source_verse	mapping	missing_verse	GLT	09024006
source_verse	mapping	missing_verse	GLT	09024007
source_verse	mapping	missing_verse	GLT	09024008
source_verse	mapping	missing_verse	GLT	09024009
source_verse	mapping	missing_verse	GLT	09024010
source_verse	mapping	missing_verse	GLT	09024011
source_verse	mapping	missing_verse	GLT	09024012
source_verse	mapping	missing_verse	GLT	09024013
source_verse	mapping	missing_verse	GLT	09024014
source_verse	mapping	missing_verse	GLT	09024015
source_verse	mapping	missing_verse	GLT	09024016
source_verse	mapping	missing_verse	GLT	09024017
source_verse	mapping	missing_verse	GLT	09024018
source_verse	mapping	missing_verse	GLT	09024019
source_verse	mapping	missing_verse	GLT	09024020
source_verse	mapping	missing_verse	GLT	09024021
source_verse	mapping	missing_verse	GLT	09024022
source_verse	mapping	missing_verse	GLT	09024023
source_verse	mapping	missing_verse	GLT	10019001
source_verse	mapping	missing_verse	GLT	10019002
source_verse	mapping	missing_verse	GLT	10019003
source_verse	mapping	missing_verse	GLT	10019004
source_verse	mapping	missing_verse	GLT	10019005
source_verse	mapping	missing_verse	GLT	10019006
source_verse	mapping	missing_verse	GLT	10019007
source_verse	mapping	missing_verse	GLT	10019008
source_verse	mapping	missing_verse	GLT	10019009
source_verse	mapping	missing_verse	GLT	10019010
source_verse	mapping	missing_verse	GLT	10019011
source_verse	mapping	missing_verse	GLT	10019012
source_verse	mapping	missing_verse	GLT	10019013
source_verse	mapping	missing_verse	GLT	10019014
source_verse	mapping	missing_verse	GLT	10019015
source_verse	mapping	missing_verse	GLT	10019016
source_verse	mapping	missing_verse	GLT	10019017
source_verse	mapping	missing_verse	GLT	10019018
source_verse	mapping	missing_verse	GLT	10019019
source_verse	mapping	missing_verse	GLT	10019020
source_verse	mapping	missing_verse	GLT	10019021
source_verse	mapping	missing_verse	GLT	10019022
source_verse	mapping	missing_verse	GLT	10019023
source_verse	mapping	missing_verse	GLT	10019024
source_verse	mapping	missing_verse	GLT	10019025
source_verse	mapping	missing_verse	GLT	10019026
source_verse	mapping	missing_verse	GLT	10019027
source_verse	mapping	missing_verse	GLT	10019028
source_verse	mapping	missing_verse	GLT	10019029
source_verse	mapping	missing_verse	GLT	10019030
source_verse	mapping	missing_verse	GLT	10019031
source_verse	mapping	missing_verse	GLT	10019032
source_verse	mapping	missing_verse	GLT	10019033
source_verse	mapping	missing_verse	GLT	10019034
source_verse	mapping	missing_verse	GLT	10019035
source_verse	mapping	missing_verse	GLT	10019036
source_verse	mapping	missing_verse	GLT	10019037
source_verse	mapping	missing_verse	GLT	10019038
source_verse	mapping	missing_verse	GLT	10019039
source_verse	mapping	missing_verse	GLT	10019040
source_verse	mapping	missing_verse	GLT	10019041
source_verse	mapping	missing_verse	GLT	10019042
source_verse	mapping	missing_verse	GLT	10019043
source_verse	mapping	missing_verse	GLT	10019044
source_verse	mapping	missing_verse	GLT	11005001
source_verse	mapping	missing_verse	GLT	11005002
source_verse	mapping	missing_verse	GLT	11005003
source_verse	mapping	missing_verse	GLT	11005004
source_verse	mapping	missing_verse	GLT	11005005
source_verse	mapping	missing_verse	GLT	11005006
source_verse	mapping	missing_verse	GLT	11005007
source_verse	mapping	missing_verse	GLT	11005008
source_verse	mapping	missing_verse	GLT	11005009
source_verse	mapping	missing_verse	GLT	11005010
source_verse	mapping	missing_verse	GLT	11005011
source_verse	mapping	missing_verse	GLT	11005012
source_verse	mapping	missing_verse	GLT	11005013
source_verse	mapping	missing_verse	GLT	11005014
source_verse	mapping	missing_verse	GLT	11005015
source_verse	mapping	missing_verse	GLT	11005016
source_verse	mapping	missing_verse	GLT	11005017
source_verse	mapping	missing_verse	GLT	11005018
source_verse	mapping	missing_verse	GLT	11005019
source_verse	mapping	missing_verse	GLT	11005020
source_verse	mapping	missing_verse	GLT	11005021
source_verse	mapping	missing_verse	GLT	11005022
source_verse	mapping	missing_verse	GLT	11005023
source_verse	mapping	missing_verse	GLT	11005024
source_verse	mapping	missing_verse	GLT	11005025
source_verse	mapping	missing_verse	GLT	11005026
source_verse	mapping	missing_verse	GLT	11005027
source_verse	mapping	missing_verse	GLT	11005028
source_verse	mapping	missing_verse	GLT	11005029
source_verse	mapping	missing_verse	GLT	11005030
source_verse	mapping	missing_verse	GLT	11005031
source_verse	mapping	missing_verse	GLT	11005032
source_verse	mapping	missing_verse	GLT	11022044
source_verse	mapping	missing_verse	GLT	11022045
source_verse	mapping	missing_verse	GLT	11022046
source_verse	mapping	missing_verse	GLT	11022047
source_verse	mapping	missing_verse	GLT	11022048
source_verse	mapping	missing_verse	GLT	11022049
source_verse	mapping	missing_verse	GLT	11022050
source_verse	mapping	missing_verse	GLT	11022051
source_verse	mapping	missing_verse	GLT	11022052
source_verse	mapping	missing_verse	GLT	11022053
source_verse	mapping	missing_verse	GLT	11022054
source_verse	mapping	missing_verse	GLT	12012001
source_verse	mapping	missing_verse	GLT	12012002
source_verse	mapping	missing_verse	GLT	12012003
source_verse	mapping	missing_verse	GLT	12012004
source_verse	mapping	missing_verse	GLT	12012005
source_verse	mapping	missing_verse	GLT	12012006
source_verse	mapping	missing_verse	GLT	12012007
source_verse	mapping	missing_verse	GLT	12012008
source_verse	mapping	missing_verse	GLT	12012009
source_verse	mapping	missing_verse	GLT	12012010
source_verse	mapping	missing_verse	GLT	12012011
source_verse	mapping	missing_verse	GLT	12012012
source_verse	mapping	missing_verse	GLT	12012013
source_verse	mapping	missing_verse	GLT	12012014
source_verse	mapping	missing_verse	GLT	12012015
source_verse	mapping	missing_verse	GLT	12012016
source_verse	mapping	missing_verse	GLT	12012017
source_verse	mapping	missing_verse	GLT	12012018
source_verse	mapping	missing_verse	GLT	12012019
source_verse	mapping	missing_verse	GLT	12012020
source_verse	mapping	missing_verse	GLT	12012021
source_verse	mapping	missing_verse	GLT	12012022
source_verse	mapping	missing_verse	GLT	13005027
source_verse	mapping	missing_verse	GLT	13005028
source_verse	mapping	missing_verse	GLT	13005029
source_verse	mapping	missing_verse	GLT	13005030
source_verse	mapping	missing_verse	GLT	13005031
source_verse	mapping	missing_verse	GLT	13005032
source_verse	mapping	missing_verse	GLT	13005033
source_verse	mapping	missing_verse	GLT	13005034
source_verse	mapping	missing_verse	GLT	13005035
source_verse	mapping	missing_verse	GLT	13005036
source_verse	mapping	missing_verse	GLT	13005037
source_verse	mapping	missing_verse	GLT	13005038
source_verse	mapping	missing_verse	GLT	13005039
source_verse	mapping	missing_verse	GLT	13005040
source_verse	mapping	missing_verse	GLT	13005041
source_verse	mapping	missing_verse	GLT	13006001
source_verse	mapping	missing_verse	GLT	13006002
source_verse	mapping	missing_verse	GLT	13006003
source_verse	mapping	missing_verse	GLT	13006004
source_verse	mapping	missing_verse	GLT	13006005
source_verse	mapping	missing_verse	GLT	13006006
source_verse	mapping	missing_verse	GLT	13006007
source_verse	mapping	missing_verse	GLT	13006008
source_verse	mapping	missing_verse	GLT	13006009
source_verse	mapping	missing_verse	GLT	13006010
source_verse	mapping	missing_verse	GLT	13006011
source_verse	mapping	missing_verse	GLT	13006012
source_verse	mapping	missing_verse	GLT	13006013
source_verse	mapping	missing_verse	GLT	13006014
source_verse	mapping	missing_verse	GLT	13006015
source_verse	mapping	missing_verse	GLT	13006016
source_verse	mapping	missing_verse	GLT	13006017
source_verse	mapping	missing_verse	GLT	13006018
source_verse	mapping	missing_verse	GLT	13006019
source_verse	mapping	missing_verse	GLT	13006020
source_verse	mapping	missing_verse	GLT	13006021
source_verse	mapping	missing_verse	GLT	13006022
source_verse	mapping	missing_verse	GLT	13006023
source_verse	mapping	missing_verse	GLT	13006024
source_verse	mapping	missing_verse	GLT	13006025
source_verse	mapping	missing_verse	GLT	13006026
source_verse	mapping	missing_verse	GLT	13006027
source_verse	mapping	missing_verse	GLT	13006028
source_verse	mapping	missing_verse	GLT	13006029
source_verse	mapping	missing_verse	GLT	13006030
source_verse	mapping	missing_verse	GLT	13006031
source_verse	mapping	missing_verse	GLT	13006032
source_verse	mapping	missing_verse	GLT	13006033
source_verse	mapping	missing_verse	GLT	13006034
source_verse	mapping	missing_verse	GLT	13006035
source_verse	mapping	missing_verse	GLT	13006036
source_verse	mapping	missing_verse	GLT	13006037
source_verse	mapping	missing_verse	GLT	13006038
source_verse	mapping	missing_verse	GLT	13006039
source_verse	mapping	missing_verse	GLT	13006040
source_verse	mapping	missing_verse	GLT	13006041
source_verse	mapping	missing_verse	GLT	13006042
source_verse	mapping	missing_verse	GLT	13006043
source_verse	mapping	missing_verse	GLT	13006044
source_verse	mapping	missing_verse	GLT	13006045
source_verse	mapping	missing_verse	GLT	13006046
source_verse	mapping	missing_verse	GLT	13006047
source_verse	mapping	missing_verse	GLT	13006048
source_verse	mapping	missing_verse	GLT	13006049
source_verse	mapping	missing_verse	GLT	13006050
source_verse	mapping	missing_verse	GLT	13006051
source_verse	mapping	missing_verse	GLT	13006052
source_verse	mapping	missing_verse	GLT	13006053
source_verse	mapping	missing_verse	GLT	13006054
source_verse	mapping	missing_verse	GLT	13006055
source_verse	mapping	missing_verse	GLT	13006056
source_verse	mapping	missing_verse	GLT	13006057
source_verse	mapping	missing_verse	GLT	13006058
source_verse	mapping	missing_verse	GLT	13006059
source_verse	mapping	missing_verse	GLT	13006060
source_verse	mapping	missing_verse	GLT	13006061
source_verse	mapping	missing_verse	GLT	13006062
source_verse	mapping	missing_verse	GLT	13006063
source_verse	mapping	missing_verse	GLT	13006064
source_verse	mapping	missing_verse	GLT	13006065
source_verse	mapping	missing_verse	GLT	13006066
source_verse	mapping	missing_verse	GLT	13012005
source_verse	mapping	missing_verse	GLT	13012006
source_verse	mapping	missing_verse	GLT	13012007
source_verse	mapping	missing_verse	GLT	13012008
source_verse	mapping	missing_verse	GLT	13012009
source_verse	mapping	missing_verse	GLT	13012010
source_verse	mapping	missing_verse	GLT	13012011
source_verse	mapping	missing_verse	GLT	13012012
source_verse	mapping	missing_verse	GLT	13012013
source_verse	mapping	missing_verse	GLT	13012014
source_verse	mapping	missing_verse	GLT	13012015
source_verse	mapping	missing_verse	GLT	13012016
source_verse	mapping	missing_verse	GLT	13012017
source_verse	mapping	missing_verse	GLT	13012018
source_verse	mapping	missing_verse	GLT	13012019
source_verse	mapping	missing_verse	GLT	13012020
source_verse	mapping	missing_verse	GLT	13012021
source_verse	mapping	missing_verse	GLT	13012022
source_verse	mapping	missing_verse	GLT	13012023
source_verse	mapping	missing_verse	GLT	13012024
source_verse	mapping	missing_verse	GLT	13012025
source_verse	mapping	missing_verse	GLT	13012026
source_verse	mapping	missing_verse	GLT	13012027
source_verse	mapping	missing_verse	GLT	13012028
source_verse	mapping	missing_verse	GLT	13012029
source_verse	mapping	missing_verse	GLT	13012030
source_verse	mapping	missing_verse	GLT	13012031
source_verse	mapping	missing_verse	GLT	13012032
source_verse	mapping	missing_verse	GLT	13012033
source_verse	mapping	missing_verse	GLT	13012034
source_verse	mapping	missing_verse	GLT	13012035
source_verse	mapping	missing_verse	GLT	13012036
source_verse	mapping	missing_verse	GLT	13012037
source_verse	mapping	missing_verse	GLT	13012038
source_verse	mapping	missing_verse	GLT	13012039
source_verse	mapping	missing_verse	GLT	13012040
source_verse	mapping	missing_verse	GLT	13012041
source_verse	mapping	missing_verse	GLT	14001018
source_verse	mapping	missing_verse	GLT	14002001
source_verse	mapping	missing_verse	GLT	14002002
source_verse	mapping	missing_verse	GLT	14002003
source_verse	mapping	missing_verse	GLT	14002004
source_verse	mapping	missing_verse	GLT	14002005
source_verse	mapping	missing_verse	GLT	14002006
source_verse	mapping	missing_verse	GLT	14002007
source_verse	mapping	missing_verse	GLT	14002008
source_verse	mapping	missing_verse	GLT	14002009
source_verse	mapping	missing_verse	GLT	14002010
source_verse	mapping	missing_verse	GLT	14002011
source_verse	mapping	missing_verse	GLT	14002012
source_verse	mapping	missing_verse	GLT	14002013
source_verse	mapping	missing_verse	GLT	14002014
source_verse	mapping	missing_verse	GLT	14002015
source_verse	mapping	missing_verse	GLT	14002016
source_verse	mapping	missing_verse	GLT	14002017
source_verse	mapping	missing_verse	GLT	14013023
source_verse	mapping	missing_verse	GLT	14014001
source_verse	mapping	missing_verse	GLT	14014002
source_verse	mapping	missing_verse	GLT	14014003
source_verse	mapping	missing_verse	GLT	14014004
source_verse	mapping	missing_verse	GLT	14014005
source_verse	mapping	missing_verse	GLT	14014006
source_verse	mapping	missing_verse	GLT	14014007
source_verse	mapping	missing_verse	GLT	14014008
source_verse	mapping	missing_verse	GLT	14014009
source_verse	mapping	missing_verse	GLT	14014010
source_verse	mapping	missing_verse	GLT	14014011
source_verse	mapping	missing_verse	GLT	14014012
source_verse	mapping	missing_verse	GLT	14014013
source_verse	mapping	missing_verse	GLT	14014014
source_verse	mapping	missing_verse	GLT	18040025
source_verse	mapping	missing_verse	GLT	18040026
source_verse	mapping	missing_verse	GLT	18040027
source_verse	mapping	missing_verse	GLT	18040028
source_verse	mapping	missing_verse	GLT	18040029
source_verse	mapping	missing_verse	GLT	18040030
source_verse	mapping	missing_verse	GLT	18040031
source_verse	mapping	missing_verse	GLT	18040032
source_verse	mapping	missing_verse	GLT	18041001
source_verse	mapping	missing_verse	GLT	18041002
source_verse	mapping	missing_verse	GLT	18041003
source_verse	mapping	missing_verse	GLT	18041004
source_verse	mapping	missing_verse	GLT	18041005
source_verse	mapping	missing_verse	GLT	18041006
source_verse	mapping	missing_verse	GLT	18041007
source_verse	mapping	missing_verse	GLT	18041008
source_verse	mapping	missing_verse	GLT	18041009
source_verse	mapping	missing_verse	GLT	18041010
source_verse	mapping	missing_verse	GLT	18041011
source_verse	mapping	missing_verse	GLT	18041012
source_verse	mapping	missing_verse	GLT	18041013
source_verse	mapping	missing_verse	GLT	18041014
source_verse	mapping	missing_verse	GLT	18041015
source_verse	mapping	missing_verse	GLT	18041016
source_verse	mapping	missing_verse	GLT	18041017
source_verse	mapping	missing_verse	GLT	18041018
source_verse	mapping	missing_verse	GLT	18041019
source_verse	mapping	missing_verse	GLT	18041020
source_verse	mapping	missing_verse	GLT	18041021
source_verse	mapping	missing_verse	GLT	18041022
source_verse	mapping	missing_verse	GLT	18041023
source_verse	mapping	missing_verse	GLT	18041024
source_verse	mapping	missing_verse	GLT	18041025
source_verse	mapping	missing_verse	GLT	18041026
source_verse	mapping	missing_verse	GLT	19003001
source_verse	mapping	missing_verse	GLT	19003002
source_verse	mapping	missing_verse	GLT	19003003
source_verse	mapping	missing_verse	GLT	19003004
source_verse	mapping	missing_verse	GLT	19003005
source_verse	mapping	missing_verse	GLT	19003006
source_verse	mapping	missing_verse	GLT	19003007
source_verse	mapping	missing_verse	GLT	19003008
source_verse	mapping	missing_verse	GLT	19003009
source_verse	mapping	missing_verse	GLT	19004001
source_verse	mapping	missing_verse	GLT	19004002
source_verse	mapping	missing_verse	GLT	19004003
source_verse	mapping	missing_verse	GLT	19004004
source_verse	mapping	missing_verse	GLT	19004005
source_verse	mapping	missing_verse	GLT	19004006
source_verse	mapping	missing_verse	GLT	19004007
source_verse	mapping	missing_verse	GLT	19004008
source_verse	mapping	missing_verse	GLT	19004009
source_verse	mapping	missing_verse	GLT	19005001
source_verse	mapping	missing_verse	GLT	19005002
source_verse	mapping	missing_verse	GLT	19005003
source_verse	mapping	missing_verse	GLT	19005004
source_verse	mapping	missing_verse	GLT	19005005
source_verse	mapping	missing_verse	GLT	19005006
source_verse	mapping	missing_verse	GLT	19005007
source_verse	mapping	missing_verse	GLT	19005008
source_verse	mapping	missing_verse	GLT	19005009
source_verse	mapping	missing_verse	GLT	19005010
source_verse	mapping	missing_verse	GLT	19005011
source_verse	mapping	missing_verse	GLT	19005012
source_verse	mapping	missing_verse	GLT	19005013
source_verse	mapping	missing_verse	GLT	19006001
source_verse	mapping	missing_verse	GLT	19006002
source_verse	mapping	missing_verse	GLT	19006003
source_verse	mapping	missing_verse	GLT	19006004
source_verse	mapping	missing_verse	GLT	19006005
source_verse	mapping	missing_verse	GLT	19006006
source_verse	mapping	missing_verse	GLT	19006007
source_verse	mapping	missing_verse	GLT	19006008
source_verse	mapping	missing_verse	GLT	19006009
source_verse	mapping	missing_verse	GLT	19006010
source_verse	mapping	missing_verse	GLT	19006011
source_verse	mapping	missing_verse	GLT	19007001
source_verse	mapping	missing_verse	GLT	19007002
source_verse	mapping	missing_verse	GLT	19007003
source_verse	mapping	missing_verse	GLT	19007004
source_verse	mapping	missing_verse	GLT	19007005
source_verse	mapping	missing_verse	GLT	19007006
source_verse	mapping	missing_verse	GLT	19007007
source_verse	mapping	missing_verse	GLT	19007008
source_verse	mapping	missing_verse	GLT	19007009
source_verse	mapping	missing_verse	GLT	19007010
source_verse	mapping	missing_verse	GLT	19007011
source_verse	mapping	missing_verse	GLT	19007012
source_verse	mapping	missing_verse	GLT	19007013
source_verse	mapping	missing_verse	GLT	19007014
source_verse	mapping	missing_verse	GLT	19007015
source_verse	mapping	missing_verse	GLT	19007016
source_verse	mapping	missing_verse	GLT	19007017
source_verse	mapping	missing_verse	GLT	19007018
source_verse	mapping	missing_verse	GLT	19008001
source_verse	mapping	missing_verse	GLT	19008002
source_verse	mapping	missing_verse	GLT	19008003
source_verse	mapping	missing_verse	GLT	19008004
source_verse	mapping	missing_verse	GLT	19008005
source_verse	mapping	missing_verse	GLT	19008006
source_verse	mapping	missing_verse	GLT	19008007
source_verse	mapping	missing_verse	GLT	19008008
source_verse	mapping	missing_verse	GLT	19008009
source_verse	mapping	missing_verse	GLT	19008010
source_verse	mapping	missing_verse	GLT	19009001
source_verse	mapping	missing_verse	GLT	19009002
source_verse	mapping	missing_verse	GLT	19009003
source_verse	mapping	missing_verse	GLT	19009004
source_verse	mapping	missing_verse	GLT	19009005
source_verse	mapping	missing_verse	GLT	19009006
source_verse	mapping	missing_verse	GLT	19009007
source_verse	mapping	missing_verse	GLT	19009008
source_verse	mapping	missing_verse	GLT	19009009
source_verse	mapping	missing_verse	GLT	19009010
source_verse	mapping	missing_verse	GLT	19009011
source_verse	mapping	missing_verse	GLT	19009012
source_verse	mapping	missing_verse	GLT	19009013
source_verse	mapping	missing_verse	GLT	19009014
source_verse	mapping	missing_verse	GLT	19009015
source_verse	mapping	missing_verse	GLT	19009016
source_verse	mapping	missing_verse	GLT	19009017
source_verse	mapping	missing_verse	GLT	19009018
source_verse	mapping	missing_verse	GLT	19009019
source_verse	mapping	missing_verse	GLT	19009020
source_verse	mapping	missing_verse	GLT	19009021
source_verse	mapping	missing_verse	GLT	19012001
source_verse	mapping	missing_verse	GLT	19012002
source_verse	mapping	missing_verse	GLT	19012003
source_verse	mapping	missing_verse	GLT	19012004
source_verse	mapping	missing_verse	GLT	19012005
source_verse	mapping	missing_verse	GLT	19012006
source_verse	mapping	missing_verse	GLT	19012007
source_verse	mapping	missing_verse	GLT	19012008
source_verse	mapping	missing_verse	GLT	19012009
source_verse	mapping	missing_verse	GLT	19013001
source_verse	mapping	missing_verse	GLT	19013002
source_verse	mapping	missing_verse	GLT	19013003
source_verse	mapping	missing_verse	GLT	19013004
source_verse	mapping	missing_verse	GLT	19013005
source_verse	mapping	missing_verse	GLT	19013006
source_verse	mapping	missing_verse	GLT	19018001
source_verse	mapping	missing_verse	GLT	19018002
source_verse	mapping	missing_verse	GLT	19018003
source_verse	mapping	missing_verse	GLT	19018004
source_verse	mapping	missing_verse	GLT	19018005
source_verse	mapping	missing_verse	GLT	19018006
source_verse	mapping	missing_verse	GLT	19018007
source_verse	mapping	missing_verse	GLT	19018008
source_verse	mapping	missing_verse	GLT	19018009
source_verse	mapping	missing_verse	GLT	19018010
source_verse	mapping	missing_verse	GLT	19018011
source_verse	mapping	missing_verse	GLT	19018012
source_verse	mapping	missing_verse	GLT	19018013
source_verse	mapping	missing_verse	GLT	19018014
source_verse	mapping	missing_verse	GLT	19018015
source_verse	mapping	missing_verse	GLT	19018016
source_verse	mapping	missing_verse	GLT	19018017
source_verse	mapping	missing_verse	GLT	19018018
source_verse	mapping	missing_verse	GLT	19018019
source_verse	mapping	missing_verse	GLT	19018020
source_verse	mapping	missing_verse	GLT	19018021
source_verse	mapping	missing_verse	GLT	19018022
source_verse	mapping	missing_verse	GLT	19018023
source_verse	mapping	missing_verse	GLT	19018024
source_verse	mapping	missing_verse	GLT	19018025
source_verse	mapping	missing_verse	GLT	19018026
source_verse	mapping	missing_verse	GLT	19018027
source_verse	mapping	missing_verse	GLT	19018028
source_verse	mapping	missing_verse	GLT	19018029
source_verse	mapping	missing_verse	GLT	19018030
source_verse	mapping	missing_verse	GLT	19018031
source_verse	mapping	missing_verse	GLT	19018032
source_verse	mapping	missing_verse	GLT	19018033
source_verse	mapping	missing_verse	GLT	19018034
source_verse	mapping	missing_verse	GLT	19018035
source_verse	mapping	missing_verse	GLT	19018036
source_verse	mapping	missing_verse	GLT	19018037
source_verse	mapping	missing_verse	GLT	19018038
source_verse	mapping	missing_verse	GLT	19018039
source_verse	mapping	missing_verse	GLT	19018040
source_verse	mapping	missing_verse	GLT	19018041
source_verse	mapping	missing_verse	GLT	19018042
source_verse	mapping	missing_verse	GLT	19018043
source_verse	mapping	missing_verse	GLT	19018044
source_verse	mapping	missing_verse	GLT	19018045
source_verse	mapping	missing_verse	GLT	19018046
source_verse	mapping	missing_verse	GLT	19018047
source_verse	mapping	missing_verse	GLT	19018048
source_verse	mapping	missing_verse	GLT	19018049
source_verse	mapping	missing_verse	GLT	19018050
source_verse	mapping	missing_verse	GLT	19018051
source_verse	mapping	missing_verse	GLT	19019001
source_verse	mapping	missing_verse	GLT	19019002
source_verse	mapping	missing_verse	GLT	19019003
source_verse	mapping	missing_verse	GLT	19019004
source_verse	mapping	missing_verse	GLT	19019005
source_verse	mapping	missing_verse	GLT	19019006
source_verse	mapping	missing_verse	GLT	19019007
source_verse	mapping	missing_verse	GLT	19019008
source_verse	mapping	missing_verse	GLT	19019009
source_verse	mapping	missing_verse	GLT	19019010
source_verse	mapping	missing_verse	GLT	19019011
source_verse	mapping	missing_verse	GLT	19019012
source_verse	mapping	missing_verse	GLT	19019013
source_verse	mapping	missing_verse	GLT	19019014
source_verse	mapping	missing_verse	GLT	19019015
source_verse	mapping	missing_verse	GLT	19020001
source_verse	mapping	missing_verse	GLT	19020002
source_verse	mapping	missing_verse	GLT	19020003
source_verse	mapping	missing_verse	GLT	19020004
source_verse	mapping	missing_verse	GLT	19020005
source_verse	mapping	missing_verse	GLT	19020006
source_verse	mapping	missing_verse	GLT	19020007
source_verse	mapping	missing_verse	GLT	19020008
source_verse	mapping	missing_verse	GLT	19020009
source_verse	mapping	missing_verse	GLT	19020010
source_verse	mapping	missing_verse	GLT	19021001
source_verse	mapping	missing_verse	GLT	19021002
source_verse	mapping	missing_verse	GLT	19021003
source_verse	mapping	missing_verse	GLT	19021004
source_verse	mapping	missing_verse	GLT	19021005
source_verse	mapping	missing_verse	GLT	19021006
source_verse	mapping	missing_verse	GLT	19021007
source_verse	mapping	missing_verse	GLT	19021008
source_verse	mapping	missing_verse	GLT	19021009
source_verse	mapping	missing_verse	GLT	19021010
source_verse	mapping	missing_verse	GLT	19021011
source_verse	mapping	missing_verse	GLT	19021012
source_verse	mapping	missing_verse	GLT	19021013
source_verse	mapping	missing_verse	GLT	19021014
source_verse	mapping	missing_verse	GLT	19022001
source_verse	mapping	missing_verse	GLT	19022002
source_verse	mapping	missing_verse	GLT	19022003
source_verse	mapping	missing_verse	GLT	19022004
source_verse	mapping	missing_verse	GLT	19022005
source_verse	mapping	missing_verse	GLT	19022006
source_verse	mapping	missing_verse	GLT	19022007
source_verse	mapping	missing_verse	GLT	19022008
source_verse	mapping	missing_verse	GLT	19022009
source_verse	mapping	missing_verse	GLT	19022010
source_verse	mapping	missing_verse	GLT	19022011
source_verse	mapping	missing_verse	GLT	19022012
source_verse	mapping	missing_verse	GLT	19022013
source_verse	mapping	missing_verse	GLT	19022014
source_verse	mapping	missing_verse	GLT	19022015
source_verse	mapping	missing_verse	GLT	19022016
source_verse	mapping	missing_verse	GLT	19022017
source_verse	mapping	missing_verse	GLT	19022018
source_verse	mapping	missing_verse	GLT	19022019
source_verse	mapping	missing_verse	GLT	19022020
source_verse	mapping	missing_verse	GLT	19022021
source_verse	mapping	missing_verse	GLT	19022022
source_verse	mapping	missing_verse	GLT	19022023
source_verse	mapping	missing_verse	GLT	19022024
source_verse	mapping	missing_verse	GLT	19022025
source_verse	mapping	missing_verse	GLT	19022026
source_verse	mapping	missing_verse	GLT	19022027
source_verse	mapping	missing_verse	GLT	19022028
source_verse	mapping	missing_verse	GLT	19022029
source_verse	mapping	missing_verse	GLT	19022030
source_verse	mapping	missing_verse	GLT	19022031
source_verse	mapping	missing_verse	GLT	19022032
source_verse	mapping	missing_verse	GLT	19030001
source_verse	mapping	missing_verse	GLT	19030002
source_verse	mapping	missing_verse	GLT	19030003
source_verse	mapping	missing_verse	GLT	19030004
source_verse	mapping	missing_verse	GLT	19030005
source_verse	mapping	missing_verse	GLT	19030006
source_verse	mapping	missing_verse	GLT	19030007
source_verse	mapping	missing_verse	GLT	19030008
source_verse	mapping	missing_verse	GLT	19030009
source_verse	mapping	missing_verse	GLT	19030010
source_verse	mapping	missing_verse	GLT	19030011
source_verse	mapping	missing_verse	GLT	19030012
source_verse	mapping	missing_verse	GLT	19030013
source_verse	mapping	missing_verse	GLT	19031001
source_verse	mapping	missing_verse	GLT	19031002
source_verse	mapping	missing_verse	GLT	19031003
source_verse	mapping	missing_verse	GLT	19031004
source_verse	mapping	missing_verse	GLT	19031005
source_verse	mapping	missing_verse	GLT	19031006
source_verse	mapping	missing_verse	GLT	19031007
source_verse	mapping	missing_verse	GLT	19031008
source_verse	mapping	missing_verse	GLT	19031009
source_verse	mapping	missing_verse	GLT	19031010
source_verse	mapping	missing_verse	GLT	19031011
source_verse	mapping	missing_verse	GLT	19031012
source_verse	mapping	missing_verse	GLT	19031013
source_verse	mapping	missing_verse	GLT	19031014
source_verse	mapping	missing_verse	GLT	19031015
source_verse	mapping	missing_verse	GLT	19031016
source_verse	mapping	missing_verse	GLT	19031017
source_verse	mapping	missing_verse	GLT	19031018
source_verse	mapping	missing_verse	GLT	19031019
source_verse	mapping	missing_verse	GLT	19031020
source_verse	mapping	missing_verse	GLT	19031021
source_verse	mapping	missing_verse	GLT	19031022
source_verse	mapping	missing_verse	GLT	19031023
source_verse	mapping	missing_verse	GLT	19031024
source_verse	mapping	missing_verse	GLT	19031025
source_verse	mapping	missing_verse	GLT	19034001
source_verse	mapping	missing_verse	GLT	19034002
source_verse	mapping	missing_verse	GLT	19034003
source_verse	mapping	missing_verse	GLT	19034004
source_verse	mapping	missing_verse	GLT	19034005
source_verse	mapping	missing_verse	GLT	19034006
source_verse	mapping	missing_verse	GLT	19034007
source_verse	mapping	missing_verse	GLT	19034008
source_verse	mapping	missing_verse	GLT	19034009
source_verse	mapping	missing_verse	GLT	19034010
source_verse	mapping	missing_verse	GLT	19034011
source_verse	mapping	missing_verse	GLT	19034012
source_verse	mapping	missing_verse	GLT	19034013
source_verse	mapping	missing_verse	GLT	19034014
source_verse	mapping	missing_verse	GLT	19034015
source_verse	mapping	missing_verse	GLT	19034016
source_verse	mapping	missing_verse	GLT	19034017
source_verse	mapping	missing_verse	GLT	19034018
source_verse	mapping	missing_verse	GLT	19034019
source_verse	mapping	missing_verse	GLT	19034020
source_verse	mapping	missing_verse	GLT	19034021
source_verse	mapping	missing_verse	GLT	19034022
source_verse	mapping	missing_verse	GLT	19034023
source_verse	mapping	missing_verse	GLT	19036001
source_verse	mapping	missing_verse	GLT	19036002
source_verse	mapping	missing_verse	GLT	19036003
source_verse	mapping	missing_verse	GLT	19036004
source_verse	mapping	missing_verse	GLT	19036005
source_verse	mapping	missing_verse	GLT	19036006
source_verse	mapping	missing_verse	GLT	19036007
source_verse	mapping	missing_verse	GLT	19036008
source_verse	mapping	missing_verse	GLT	19036009
source_verse	mapping	missing_verse	GLT	19036010
source_verse	mapping	missing_verse	GLT	19036011
source_verse	mapping	missing_verse	GLT	19036012
source_verse	mapping	missing_verse	GLT	19036013
source_verse	mapping	missing_verse	GLT	19038001
source_verse	mapping	missing_verse	GLT	19038002
source_verse	mapping	missing_verse	GLT	19038003
source_verse	mapping	missing_verse	GLT	19038004
source_verse	mapping	missing_verse	GLT	19038005
source_verse	mapping	missing_verse	GLT	19038006
source_verse	mapping	missing_verse	GLT	19038007
source_verse	mapping	missing_verse	GLT	19038008
source_verse	mapping	missing_verse	GLT	19038009
source_verse	mapping	missing_verse	GLT	19038010
source_verse	mapping	missing_verse	GLT	19038011
source_verse	mapping	missing_verse	GLT	19038012
source_verse	mapping	missing_verse	GLT	19038013
source_verse	mapping	missing_verse	GLT	19038014
source_verse	mapping	missing_verse	GLT	19038015
source_verse	mapping	missing_verse	GLT	19038016
source_verse	mapping	missing_verse	GLT	19038017
source_verse	mapping	missing_verse	GLT	19038018
source_verse	mapping	missing_verse	GLT	19038019
source_verse	mapping	missing_verse	GLT	19038020
source_verse	mapping	missing_verse	GLT	19038021
source_verse	mapping	missing_verse	GLT	19038022
source_verse	mapping	missing_verse	GLT	19038023
source_verse	mapping	missing_verse	GLT	19039001
source_verse	mapping	missing_verse	GLT	19039002
source_verse	mapping	missing_verse	GLT	19039003
source_verse	mapping	missing_verse	GLT	19039004
source_verse	mapping	missing_verse	GLT	19039005
source_verse	mapping	missing_verse	GLT	19039006
source_verse	mapping	missing_verse	GLT	19039007
source_verse	mapping	missing_verse	GLT	19039008
source_verse	mapping	missing_verse	GLT	19039009
source_verse	mapping	missing_verse	GLT	19039010
source_verse	mapping	missing_verse	GLT	19039011
source_verse	mapping	missing_verse	GLT	19039012
source_verse	mapping	missing_verse	GLT	19039013
source_verse	mapping	missing_verse	GLT	19039014
source_verse	mapping	missing_verse	GLT	19040001
source_verse	mapping	missing_verse	GLT	19040002
source_verse	mapping	missing_verse	GLT	19040003
source_verse	mapping	missing_verse	GLT	19040004
source_verse	mapping	missing_verse	GLT	19040005
source_verse	mapping	missing_verse	GLT	19040006
source_verse	mapping	missing_verse	GLT	19040007
source_verse	mapping	missing_verse	GLT	19040008
source_verse	mapping	missing_verse	GLT	19040009
source_verse	mapping	missing_verse	GLT	19040010
source_verse	mapping	missing_verse	GLT	19040011
source_verse	mapping	missing_verse	GLT	19040012
source_verse	mapping	missing_verse	GLT	19040013
source_verse	mapping	missing_verse	GLT	19040014
source_verse	mapping	missing_verse	GLT	19040015
source_verse	mapping	missing_verse	GLT	19040016
source_verse	mapping	missing_verse	GLT	19040017
source_verse	mapping	missing_verse	GLT	19040018
source_verse	mapping	missing_verse	GLT	19041001
source_verse	mapping	missing_verse	GLT	19041002
source_verse	mapping	missing_verse	GLT	19041003
source_verse	mapping	missing_verse	GLT	19041004
source_verse	mapping	missing_verse	GLT	19041005
source_verse	mapping	missing_verse	GLT	19041006
source_verse	mapping	missing_verse	GLT	19041007
source_verse	mapping	missing_verse	GLT	19041008
source_verse	mapping	missing_verse	GLT	19041009
source_verse	mapping	missing_verse	GLT	19041010
source_verse	mapping	missing_verse	GLT	19041011
source_verse	mapping	missing_verse	GLT	19041012
source_verse	mapping	missing_verse	GLT	19041013
source_verse	mapping	missing_verse	GLT	19041014
source_verse	mapping	missing_verse	GLT	19042001
source_verse	mapping	missing_verse	GLT	19042002
source_verse	mapping	missing_verse	GLT	19042003
source_verse	mapping	missing_verse	GLT	19042004
source_verse	mapping	missing_verse	GLT	19042005
source_verse	mapping	missing_verse	GLT	19042006
source_verse	mapping	missing_verse	GLT	19042007
source_verse	mapping	missing_verse	GLT	19042008
source_verse	mapping	missing_verse	GLT	19042009
source_verse	mapping	missing_verse	GLT	19042010
source_verse	mapping	missing_verse	GLT	19042011
source_verse	mapping	missing_verse	GLT	19042012
source_verse	mapping	missing_verse	GLT	19044001
source_verse	mapping	missing_verse	GLT	19044002
source_verse	mapping	missing_verse	GLT	19044003
source_verse	mapping	missing_verse	GLT	19044004
source_verse	mapping	missing_verse	GLT	19044005
source_verse	mapping	missing_verse	GLT	19044006
source_verse	mapping	missing_verse	GLT	19044007
source_verse	mapping	missing_verse	GLT	19044008
source_verse	mapping	missing_verse	GLT	19044009
source_verse	mapping	missing_verse	GLT	19044010
source_verse	mapping	missing_verse	GLT	19044011
source_verse	mapping	missing_verse	GLT	19044012
source_verse	mapping	missing_verse	GLT	19044013
source_verse	mapping	missing_verse	GLT	19044014
source_verse	mapping	missing_verse	GLT	19044015
source_verse	mapping	missing_verse	GLT	19044016
source_verse	mapping	missing_verse	GLT	19044017
source_verse	mapping	missing_verse	GLT	19044018
source_verse	mapping	missing_verse	GLT	19044019
source_verse	mapping	missing_verse	GLT	19044020
source_verse	mapping	missing_verse	GLT	19044021
source_verse	mapping	missing_verse	GLT	19044022
source_verse	mapping	missing_verse	GLT	19044023
source_verse	mapping	missing_verse	GLT	19044024
source_verse	mapping	missing_verse	GLT	19044025
source_verse	mapping	missing_verse	GLT	19044026
source_verse	mapping	missing_verse	GLT	19044027
source_verse	mapping	missing_verse	GLT	19045001
source_verse	mapping	missing_verse	GLT	19045002
source_verse	mapping	missing_verse	GLT	19045003
source_verse	mapping	missing_verse	GLT	19045004
source_verse	mapping	missing_verse	GLT	19045005
source_verse	mapping	missing_verse	GLT	19045006
source_verse	mapping	missing_verse	GLT	19045007
source_verse	mapping	missing_verse	GLT	19045008
source_verse	mapping	missing_verse	GLT	19045009
source_verse	mapping	missing_verse	GLT	19045010
source_verse	mapping	missing_verse	GLT	19045011
source_verse	mapping	missing_verse	GLT	19045012
source_verse	mapping	missing_verse	GLT	19045013
source_verse	mapping	missing_verse	GLT	19045014
source_verse	mapping	missing_verse	GLT	19045015
source_verse	mapping	missing_verse	GLT	19045016
source_verse	mapping	missing_verse	GLT	19045017
source_verse	mapping	missing_verse	GLT	19045018
source_verse	mapping	missing_verse	GLT	19046001
source_verse	mapping	missing_verse	GLT	19046002
source_verse	mapping	missing_verse	GLT	19046003
source_verse	mapping	missing_verse	GLT	19046004
source_verse	mapping	missing_verse	GLT	19046005
source_verse	mapping	missing_verse	GLT	19046006
source_verse	mapping	missing_verse	GLT	19046007
source_verse	mapping	missing_verse	GLT	19046008
source_verse	mapping	missing_verse	GLT	19046009
source_verse	mapping	missing_verse	GLT	19046010
source_verse	mapping	missing_verse	GLT	19046011
source_verse	mapping	missing_verse	GLT	19046012
source_verse	mapping	missing_verse	GLT	19047001
source_verse	mapping	missing_verse	GLT	19047002
source_verse	mapping	missing_verse	GLT	19047003
source_verse	mapping	missing_verse	GLT	19047004
source_verse	mapping	missing_verse	GLT	19047005
source_verse	mapping	missing_verse	GLT	19047006
source_verse	mapping	missing_verse	GLT	19047007
source_verse	mapping	missing_verse	GLT	19047008
source_verse	mapping	missing_verse	GLT	19047009
source_verse	mapping	missing_verse	GLT	19047010
source_verse	mapping	missing_verse	GLT	19048001
source_verse	mapping	missing_verse	GLT	19048002
source_verse	mapping	missing_verse	GLT	19048003
source_verse	mapping	missing_verse	GLT	19048004
source_verse	mapping	missing_verse	GLT	19048005
source_verse	mapping	missing_verse	GLT	19048006
source_verse	mapping	missing_verse	GLT	19048007
source_verse	mapping	missing_verse	GLT	19048008
source_verse	mapping	missing_verse	GLT	19048009
source_verse	mapping	missing_verse	GLT	19048010
source_verse	mapping	missing_verse	GLT	19048011
source_verse	mapping	missing_verse	GLT	19048012
source_verse	mapping	missing_verse	GLT	19048013
source_verse	mapping	missing_verse	GLT	19048014
source_verse	mapping	missing_verse	GLT	19048015
source_verse	mapping	missing_verse	GLT	19049001
source_verse	mapping	missing_verse	GLT	19049002
source_verse	mapping	missing_verse	GLT	19049003
source_verse	mapping	missing_verse	GLT	19049004
source_verse	mapping	missing_verse	GLT	19049005
source_verse	mapping	missing_verse	GLT	19049006
source_verse	mapping	missing_verse	GLT	19049007
source_verse	mapping	missing_verse	GLT	19049008
source_verse	mapping	missing_verse	GLT	19049009
source_verse	mapping	missing_verse	GLT	19049010
source_verse	mapping	missing_verse	GLT	19049011
source_verse	mapping	missing_verse	GLT	19049012
source_verse	mapping	missing_verse	GLT	19049013
source_verse	mapping	missing_verse	GLT	19049014
source_verse	mapping	missing_verse	GLT	19049015
source_verse	mapping	missing_verse	GLT	19049016
source_verse	mapping	missing_verse	GLT	19049017
source_verse	mapping	missing_verse	GLT	19049018
source_verse	mapping	missing_verse	GLT	19049019
source_verse	mapping	missing_verse	GLT	19049020
source_verse	mapping	missing_verse	GLT	19049021
source_verse	mapping	missing_verse	GLT	19051002
source_verse	mapping	missing_verse	GLT	19051003
source_verse	mapping	missing_verse	GLT	19051004
source_verse	mapping	missing_verse	GLT	19051005
source_verse	mapping	missing_verse	GLT	19051006
source_verse	mapping	missing_verse	GLT	19051007
source_verse	mapping	missing_verse	GLT	19051008
source_verse	mapping	missing_verse	GLT	19051009
source_verse	mapping	missing_verse	GLT	19051010
source_verse	mapping	missing_verse	GLT	19051011
source_verse	mapping	missing_verse	GLT	19051012
source_verse	mapping	missing_verse	GLT	19051013
source_verse	mapping	missing_verse	GLT	19051014
source_verse	mapping	missing_verse	GLT	19051015
source_verse	mapping	missing_verse	GLT	19051016
source_verse	mapping	missing_verse	GLT	19051017
source_verse	mapping	missing_verse	GLT	19051018
source_verse	mapping	missing_verse	GLT	19051019
source_verse	mapping	missing_verse	GLT	19051020
source_verse	mapping	missing_verse	GLT	19051021
source_verse	mapping	missing_verse	GLT	19052002
source_verse	mapping	missing_verse	GLT	19052003
source_verse	mapping	missing_verse	GLT	19052004
source_verse	mapping	missing_verse	GLT	19052005
source_verse	mapping	missing_verse	GLT	19052006
source_verse	mapping	missing_verse	GLT	19052007
source_verse	mapping	missing_verse	GLT	19052008
source_verse	mapping	missing_verse	GLT	19052009
source_verse	mapping	missing_verse	GLT	19052010
source_verse	mapping	missing_verse	GLT	19052011
source_verse	mapping	missing_verse	GLT	19053001
source_verse	mapping	missing_verse	GLT	19053002
source_verse	mapping	missing_verse	GLT	19053003
source_verse	mapping	missing_verse	GLT	19053004
source_verse	mapping	missing_verse	GLT	19053005
source_verse	mapping	missing_verse	GLT	19053006
source_verse	mapping	missing_verse	GLT	19053007
source_verse	mapping	missing_verse	GLT	19054002
source_verse	mapping	missing_verse	GLT	19054003
source_verse	mapping	missing_verse	GLT	19054004
source_verse	mapping	missing_verse	GLT	19054005
source_verse	mapping	missing_verse	GLT	19054006
source_verse	mapping	missing_verse	GLT	19054007
source_verse	mapping	missing_verse	GLT	19054008
source_verse	mapping	missing_verse	GLT	19054009
source_verse	mapping	missing_verse	GLT	19055001
source_verse	mapping	missing_verse	GLT	19055002
source_verse	mapping	missing_verse	GLT	19055003
source_verse	mapping	missing_verse	GLT	19055004
source_verse	mapping	missing_verse	GLT	19055005
source_verse	mapping	missing_verse	GLT	19055006
source_verse	mapping	missing_verse	GLT	19055007
source_verse	mapping	missing_verse	GLT	19055008
source_verse	mapping	missing_verse	GLT	19055009
source_verse	mapping	missing_verse	GLT	19055010
source_verse	mapping	missing_verse	GLT	19055011
source_verse	mapping	missing_verse	GLT	19055012
source_verse	mapping	missing_verse	GLT	19055013
source_verse	mapping	missing_verse	GLT	19055014
source_verse	mapping	missing_verse	GLT	19055015
source_verse	mapping	missing_verse	GLT	19055016
source_verse	mapping	missing_verse	GLT	19055017
source_verse	mapping	missing_verse	GLT	19055018
source_verse	mapping	missing_verse	GLT	19055019
source_verse	mapping	missing_verse	GLT	19055020
source_verse	mapping	missing_verse	GLT	19055021
source_verse	mapping	missing_verse	GLT	19055022
source_verse	mapping	missing_verse	GLT	19055023
source_verse	mapping	missing_verse	GLT	19055024
source_verse	mapping	missing_verse	GLT	19056001
source_verse	mapping	missing_verse	GLT	19056002
source_verse	mapping	missing_verse	GLT	19056003
source_verse	mapping	missing_verse	GLT	19056004
source_verse	mapping	missing_verse	GLT	19056005
source_verse	mapping	missing_verse	GLT	19056006
source_verse	mapping	missing_verse	GLT	19056007
source_verse	mapping	missing_verse	GLT	19056008
source_verse	mapping	missing_verse	GLT	19056009
source_verse	mapping	missing_verse	GLT	19056010
source_verse	mapping	missing_verse	GLT	19056011
source_verse	mapping	missing_verse	GLT	19056012
source_verse	mapping	missing_verse	GLT	19056013
source_verse	mapping	missing_verse	GLT	19056014
source_verse	mapping	missing_verse	GLT	19057001
source_verse	mapping	missing_verse	GLT	19057002
source_verse	mapping	missing_verse	GLT	19057003
source_verse	mapping	missing_verse	GLT	19057004
source_verse	mapping	missing_verse	GLT	19057005
source_verse	mapping	missing_verse	GLT	19057006
source_verse	mapping	missing_verse	GLT	19057007
source_verse	mapping	missing_verse	GLT	19057008
source_verse	mapping	missing_verse	GLT	19057009
source_verse	mapping	missing_verse	GLT	19057010
source_verse	mapping	missing_verse	GLT	19057011
source_verse	mapping	missing_verse	GLT	19057012
source_verse	mapping	missing_verse	GLT	19058001
source_verse	mapping	missing_verse	GLT	19058002
source_verse	mapping	missing_verse	GLT	19058003
source_verse	mapping	missing_verse	GLT	19058004
source_verse	mapping	missing_verse	GLT	19058005
source_verse	mapping	missing_verse	GLT	19058006
source_verse	mapping	missing_verse	GLT	19058007
source_verse	mapping	missing_verse	GLT	19058008
source_verse	mapping	missing_verse	GLT	19058009
source_verse	mapping	missing_verse	GLT	19058010
source_verse	mapping	missing_verse	GLT	19058011
source_verse	mapping	missing_verse	GLT	19058012
source_verse	mapping	missing_verse	GLT	19059001
source_verse	mapping	missing_verse	GLT	19059002
source_verse	mapping	missing_verse	GLT	19059003
source_verse	mapping	missing_verse	GLT	19059004
source_verse	mapping	missing_verse	GLT	19059005
source_verse	mapping	missing_verse	GLT	19059006
source_verse	mapping	missing_verse	GLT	19059007
source_verse	mapping	missing_verse	GLT	19059008
source_verse	mapping	missing_verse	GLT	19059009
source_verse	mapping	missing_verse	GLT	19059010
source_verse	mapping	missing_verse	GLT	19059011
source_verse	mapping	missing_verse	GLT	19059012
source_verse	mapping	missing_verse	GLT	19059013
source_verse	mapping	missing_verse	GLT	19059014
source_verse	mapping	missing_verse	GLT	19059015
source_verse	mapping	missing_verse	GLT	19059016
source_verse	mapping	missing_verse	GLT	19059017
source_verse	mapping	missing_verse	GLT	19059018
source_verse	mapping	missing_verse	GLT	19060002
source_verse	mapping	missing_verse	GLT	19060003
source_verse	mapping	missing_verse	GLT	19060004
source_verse	mapping	missing_verse	GLT	19060005
source_verse	mapping	missing_verse	GLT	19060006
source_verse	mapping	missing_verse	GLT	19060007
source_verse	mapping	missing_verse	GLT	19060008
source_verse	mapping	missing_verse	GLT	19060009
source_verse	mapping	missing_verse	GLT	19060010
source_verse	mapping	missing_verse	GLT	19060011
source_verse	mapping	missing_verse	GLT	19060012
source_verse	mapping	missing_verse	GLT	19060013
source_verse	mapping	missing_verse	GLT	19060014
source_verse	mapping	missing_verse	GLT	19061001
source_verse	mapping	missing_verse	GLT	19061002
source_verse	mapping	missing_verse	GLT	19061003
source_verse	mapping	missing_verse	GLT	19061004
source_verse	mapping	missing_verse	GLT	19061005
source_verse	mapping	missing_verse	GLT	19061006
source_verse	mapping	missing_verse	GLT	19061007
source_verse	mapping	missing_verse	GLT	19061008
source_verse	mapping	missing_verse	GLT	19061009
source_verse	mapping	missing_verse	GLT	19062001
source_verse	mapping	missing_verse	GLT	19062002
source_verse	mapping	missing_verse	GLT	19062003
source_verse	mapping	missing_verse	GLT	19062004
source_verse	mapping	missing_verse	GLT	19062005
source_verse	mapping	missing_verse	GLT	19062006
source_verse	mapping	missing_verse	GLT	19062007
source_verse	mapping	missing_verse	GLT	19062008
source_verse	mapping	missing_verse	GLT	19062009
source_verse	mapping	missing_verse	GLT	19062010
source_verse	mapping	missing_verse	GLT	19062011
source_verse	mapping	missing_verse	GLT	19062012
source_verse	mapping	missing_verse	GLT	19062013
source_verse	mapping	missing_verse	GLT	19063001
source_verse	mapping	missing_verse	GLT	19063002
source_verse	mapping	missing_verse	GLT	19063003
source_verse	mapping	missing_verse	GLT	19063004
source_verse	mapping	missing_verse	GLT	19063005
source_verse	mapping	missing_verse	GLT	19063006
source_verse	mapping	missing_verse	GLT	19063007
source_verse	mapping	missing_verse	GLT	19063008
source_verse	mapping	missing_verse	GLT	19063009
source_verse	mapping	missing_verse	GLT	19063010
source_verse	mapping	missing_verse	GLT	19063011
source_verse	mapping	missing_verse	GLT	19063012
source_verse	mapping	missing_verse	GLT	19064001
source_verse	mapping	missing_verse	GLT	19064002
source_verse	mapping	missing_verse	GLT	19064003
source_verse	mapping	missing_verse	GLT	19064004
source_verse	mapping	missing_verse	GLT	19064005
source_verse	mapping	missing_verse	GLT	19064006
source_verse	mapping	missing_verse	GLT	19064007
source_verse	mapping	missing_verse	GLT	19064008
source_verse	mapping	missing_verse	GLT	19064009
source_verse	mapping	missing_verse	GLT	19064010
source_verse	mapping	missing_verse	GLT	19064011
source_verse	mapping	missing_verse	GLT	19065001
source_verse	mapping	missing_verse	GLT	19065002
source_verse	mapping	missing_verse	GLT	19065003
source_verse	mapping	missing_verse	GLT	19065004
source_verse	mapping	missing_verse	GLT	19065005
source_verse	mapping	missing_verse	GLT	19065006
source_verse	mapping	missing_verse	GLT	19065007
source_verse	mapping	missing_verse	GLT	19065008
source_verse	mapping	missing_verse	GLT	19065009
source_verse	mapping	missing_verse	GLT	19065010
source_verse	mapping	missing_verse	GLT	19065011
source_verse	mapping	missing_verse	GLT	19065012
source_verse	mapping	missing_verse	GLT	19065013
source_verse	mapping	missing_verse	GLT	19065014
source_verse	mapping	missing_verse	GLT	19067001
source_verse	mapping	missing_verse	GLT	19067002
source_verse	mapping	missing_verse	GLT	19067003
source_verse	mapping	missing_verse	GLT	19067004
source_verse	mapping	missing_verse	GLT	19067005
source_verse	mapping	missing_verse	GLT	19067006
source_verse	mapping	missing_verse	GLT	19067007
source_verse	mapping	missing_verse	GLT	19067008
source_verse	mapping	missing_verse	GLT	19068001
source_verse	mapping	missing_verse	GLT	19068002
source_verse	mapping	missing_verse	GLT	19068003
source_verse	mapping	missing_verse	GLT	19068004
source_verse	mapping	missing_verse	GLT	19068005
source_verse	mapping	missing_verse	GLT	19068006
source_verse	mapping	missing_verse	GLT	19068007
source_verse	mapping	missing_verse	GLT	19068008
source_verse	mapping	missing_verse	GLT	19068009
source_verse	mapping	missing_verse	GLT	19068010
source_verse	mapping	missing_verse	GLT	19068011
source_verse	mapping	missing_verse	GLT	19068012
source_verse	mapping	missing_verse	GLT	19068013
source_verse	mapping	missing_verse	GLT	19068014
source_verse	mapping	missing_verse	GLT	19068015
source_verse	mapping	missing_verse	GLT	19068016
source_verse	mapping	missing_verse	GLT	19068017
source_verse	mapping	missing_verse	GLT	19068018
source_verse	mapping	missing_verse	GLT	19068019
source_verse	mapping	missing_verse	GLT	19068020
source_verse	mapping	missing_verse	GLT	19068021
source_verse	mapping	missing_verse	GLT	19068022
source_verse	mapping	missing_verse	GLT	19068023
source_verse	mapping	missing_verse	GLT	19068024
source_verse	mapping	missing_verse	GLT	19068025
source_verse	mapping	missing_verse	GLT	19068026
source_verse	mapping	missing_verse	GLT	19068027
source_verse	mapping	missing_verse	GLT	19068028
source_verse	mapping	missing_verse	GLT	19068029
source_verse	mapping	missing_verse	GLT	19068030
source_verse	mapping	missing_verse	GLT	19068031
source_verse	mapping	missing_verse	GLT	19068032
source_verse	mapping	missing_verse	GLT	19068033
source_verse	mapping	missing_verse	GLT	19068034
source_verse	mapping	missing_verse	GLT	19068035
source_verse	mapping	missing_verse	GLT	19068036
source_verse	mapping	missing_verse	GLT	19069001
source_verse	mapping	missing_verse	GLT	19069002
source_verse	mapping	missing_verse	GLT	19069003
source_verse	mapping	missing_verse	GLT	19069004
source_verse	mapping	missing_verse	GLT	19069005
source_verse	mapping	missing_verse	GLT	19069006
source_verse	mapping	missing_verse	GLT	19069007
source_verse	mapping	missing_verse	GLT	19069008
source_verse	mapping	missing_verse	GLT	19069009
source_verse	mapping	missing_verse	GLT	19069010
source_verse	mapping	missing_verse	GLT	19069011
source_verse	mapping	missing_verse	GLT	19069012
source_verse	mapping	missing_verse	GLT	19069013
source_verse	mapping	missing_verse	GLT	19069014
source_verse	mapping	missing_verse	GLT	19069015
source_verse	mapping	missing_verse	GLT	19069016
source_verse	mapping	missing_verse	GLT	19069017
source_verse	mapping	missing_verse	GLT	19069018
source_verse	mapping	missing_verse	GLT	19069019
source_verse	mapping	missing_verse	GLT	19069020
source_verse	mapping	missing_verse	GLT	19069021
source_verse	mapping	missing_verse	GLT	19069022
source_verse	mapping	missing_verse	GLT	19069023
source_verse	mapping	missing_verse	GLT	19069024
source_verse	mapping	missing_verse	GLT	19069025
source_verse	mapping	missing_verse	GLT	19069026
source_verse	mapping	missing_verse	GLT	19069027
source_verse	mapping	missing_verse	GLT	19069028
source_verse	mapping	missing_verse	GLT	19069029
source_verse	mapping	missing_verse	GLT	19069030
source_verse	mapping	missing_verse	GLT	19069031
source_verse	mapping	missing_verse	GLT	19069032
source_verse	mapping	missing_verse	GLT	19069033
source_verse	mapping	missing_verse	GLT	19069034
source_verse	mapping	missing_verse	GLT	19069035
source_verse	mapping	missing_verse	GLT	19069036
source_verse	mapping	missing_verse	GLT	19069037
source_verse	mapping	missing_verse	GLT	19070001
source_verse	mapping	missing_verse	GLT	19070002
source_verse	mapping	missing_verse	GLT	19070003
source_verse	mapping	missing_verse	GLT	19070004
source_verse	mapping	missing_verse	GLT	19070005
source_verse	mapping	missing_verse	GLT	19070006
source_verse	mapping	missing_verse	GLT	19075001
source_verse	mapping	missing_verse	GLT	19075002
source_verse	mapping	missing_verse	GLT	19075003
source_verse	mapping	missing_verse	GLT	19075004
source_verse	mapping	missing_verse	GLT	19075005
source_verse	mapping	missing_verse	GLT	19075006
source_verse	mapping	missing_verse	GLT	19075007
source_verse	mapping	missing_verse	GLT	19075008
source_verse	mapping	missing_verse	GLT	19075009
source_verse	mapping	missing_verse	GLT	19075010
source_verse	mapping	missing_verse	GLT	19075011
source_verse	mapping	missing_verse	GLT	19076001
source_verse	mapping	missing_verse	GLT	19076002
source_verse	mapping	missing_verse	GLT	19076003
source_verse	mapping	missing_verse	GLT	19076004
source_verse	mapping	missing_verse	GLT	19076005
source_verse	mapping	missing_verse	GLT	19076006
source_verse	mapping	missing_verse	GLT	19076007
source_verse	mapping	missing_verse	GLT	19076008
source_verse	mapping	missing_verse	GLT	19076009
source_verse	mapping	missing_verse	GLT	19076010
source_verse	mapping	missing_verse	GLT	19076011
source_verse	mapping	missing_verse	GLT	19076012
source_verse	mapping	missing_verse	GLT	19076013
source_verse	mapping	missing_verse	GLT	19077001
source_verse	mapping	missing_verse	GLT	19077002
source_verse	mapping	missing_verse	GLT	19077003
source_verse	mapping	missing_verse	GLT	19077004
source_verse	mapping	missing_verse	GLT	19077005
source_verse	mapping	missing_verse	GLT	19077006
source_verse	mapping	missing_verse	GLT	19077007
source_verse	mapping	missing_verse	GLT	19077008
source_verse	mapping	missing_verse	GLT	19077009
source_verse	mapping	missing_verse	GLT	19077010
source_verse	mapping	missing_verse	GLT	19077011
source_verse	mapping	missing_verse	GLT	19077012
source_verse	mapping	missing_verse	GLT	19077013
source_verse	mapping	missing_verse	GLT	19077014
source_verse	mapping	missing_verse	GLT	19077015
source_verse	mapping	missing_verse	GLT	19077016
source_verse	mapping	missing_verse	GLT	19077017
source_verse	mapping	missing_verse	GLT	19077018
source_verse	mapping	missing_verse	GLT	19077019
source_verse	mapping	missing_verse	GLT	19077020
source_verse	mapping	missing_verse	GLT	19077021
source_verse	mapping	missing_verse	GLT	19080001
source_verse	mapping	missing_verse	GLT	19080002
source_verse	mapping	missing_verse	GLT	19080003
source_verse	mapping	missing_verse	GLT	19080004
source_verse	mapping	missing_verse	GLT	19080005
source_verse	mapping	missing_verse	GLT	19080006
source_verse	mapping	missing_verse	GLT	19080007
source_verse	mapping	missing_verse	GLT	19080008
source_verse	mapping	missing_verse	GLT	19080009
source_verse	mapping	missing_verse	GLT	19080010
source_verse	mapping	missing_verse	GLT	19080011
source_verse	mapping	missing_verse	GLT	19080012
source_verse	mapping	missing_verse	GLT	19080013
source_verse	mapping	missing_verse	GLT	19080014
source_verse	mapping	missing_verse	GLT	19080015
source_verse	mapping	missing_verse	GLT	19080016
source_verse	mapping	missing_verse	GLT	19080017
source_verse	mapping	missing_verse	GLT	19080018
source_verse	mapping	missing_verse	GLT	19080019
source_verse	mapping	missing_verse	GLT	19080020
source_verse	mapping	missing_verse	GLT	19081001
source_verse	mapping	missing_verse	GLT	19081002
source_verse	mapping	missing_verse	GLT	19081003
source_verse	mapping	missing_verse	GLT	19081004
source_verse	mapping	missing_verse	GLT	19081005
source_verse	mapping	missing_verse	GLT	19081006
source_verse	mapping	missing_verse	GLT	19081007
source_verse	mapping	missing_verse	GLT	19081008
source_verse	mapping	missing_verse	GLT	19081009
source_verse	mapping	missing_verse	GLT	19081010
source_verse	mapping	missing_verse	GLT	19081011
source_verse	mapping	missing_verse	GLT	19081012
source_verse	mapping	missing_verse	GLT	19081013
source_verse	mapping	missing_verse	GLT	19081014
source_verse	mapping	missing_verse	GLT	19081015
source_verse	mapping	missing_verse	GLT	19081016
source_verse	mapping	missing_verse	GLT	19081017
source_verse	mapping	missing_verse	GLT	19083001
source_verse	mapping	missing_verse	GLT	19083002
source_verse	mapping	missing_verse	GLT	19083003
source_verse	mapping	missing_verse	GLT	19083004
source_verse	mapping	missing_verse	GLT	19083005
source_verse	mapping	missing_verse	GLT	19083006
source_verse	mapping	missing_verse	GLT	19083007
source_verse	mapping	missing_verse	GLT	19083008
source_verse	mapping	missing_verse	GLT	19083009
source_verse	mapping	missing_verse	GLT	19083010
source_verse	mapping	missing_verse	GLT	19083011
source_verse	mapping	missing_verse	GLT	19083012
source_verse	mapping	missing_verse	GLT	19083013
source_verse	mapping	missing_verse	GLT	19083014
source_verse	mapping	missing_verse	GLT	19083015
source_verse	mapping	missing_verse	GLT	19083016
source_verse	mapping	missing_verse	GLT	19083017
source_verse	mapping	missing_verse	GLT	19083018
source_verse	mapping	missing_verse	GLT	19083019
source_verse	mapping	missing_verse	GLT	19084001
source_verse	mapping	missing_verse	GLT	19084002
source_verse	mapping	missing_verse	GLT	19084003
source_verse	mapping	missing_verse	GLT	19084004
source_verse	mapping	missing_verse	GLT	19084005
source_verse	mapping	missing_verse	GLT	19084006
source_verse	mapping	missing_verse	GLT	19084007
source_verse	mapping	missing_verse	GLT	19084008
source_verse	mapping	missing_verse	GLT	19084009
source_verse	mapping	missing_verse	GLT	19084010
source_verse	mapping	missing_verse	GLT	19084011
source_verse	mapping	missing_verse	GLT	19084012
source_verse	mapping	missing_verse	GLT	19084013
source_verse	mapping	missing_verse	GLT	19085001
source_verse	mapping	missing_verse	GLT	19085002
source_verse	mapping	missing_verse	GLT	19085003
source_verse	mapping	missing_verse	GLT	19085004
source_verse	mapping	missing_verse	GLT	19085005
source_verse	mapping	missing_verse	GLT	19085006
source_verse	mapping	missing_verse	GLT	19085007
source_verse	mapping	missing_verse	GLT	19085008
source_verse	mapping	missing_verse	GLT	19085009
source_verse	mapping	missing_verse	GLT	19085010
source_verse	mapping	missing_verse	GLT	19085011
source_verse	mapping	missing_verse	GLT	19085012
source_verse	mapping	missing_verse	GLT	19085013
source_verse	mapping	missing_verse	GLT	19085014
source_verse	mapping	missing_verse	GLT	19088001
source_verse	mapping	missing_verse	GLT	19088002
source_verse	mapping	missing_verse	GLT	19088003
source_verse	mapping	missing_verse	GLT	19088004
source_verse	mapping	missing_verse	GLT	19088005
source_verse	mapping	missing_verse	GLT	19088006
source_verse	mapping	missing_verse	GLT	19088007
source_verse	mapping	missing_verse	GLT	19088008
source_verse	mapping	missing_verse	GLT	19088009
source_verse	mapping	missing_verse	GLT	19088010
source_verse	mapping	missing_verse	GLT	19088011
source_verse	mapping	missing_verse	GLT	19088012
source_verse	mapping	missing_verse	GLT	19088013
source_verse	mapping	missing_verse	GLT	19088014
source_verse	mapping	missing_verse	GLT	19088015
source_verse	mapping	missing_verse	GLT	19088016
source_verse	mapping	missing_verse	GLT	19088017
source_verse	mapping	missing_verse	GLT	19088018
source_verse	mapping	missing_verse	GLT	19088019
source_verse	mapping	missing_verse	GLT	19089001
source_verse	mapping	missing_verse	GLT	19089002
source_verse	mapping	missing_verse	GLT	19089003
source_verse	mapping	missing_verse	GLT	19089004
source_verse	mapping	missing_verse	GLT	19089005
source_verse	mapping	missing_verse	GLT	19089006
source_verse	mapping	missing_verse	GLT	19089007
source_verse	mapping	missing_verse	GLT	19089008
source_verse	mapping	missing_verse	GLT	19089009
source_verse	mapping	missing_verse	GLT	19089010
source_verse	mapping	missing_verse	GLT	19089011
source_verse	mapping	missing_verse	GLT	19089012
source_verse	mapping	missing_verse	GLT	19089013
source_verse	mapping	missing_verse	GLT	19089014
source_verse	mapping	missing_verse	GLT	19089015
source_verse	mapping	missing_verse	GLT	19089016
source_verse	mapping	missing_verse	GLT	19089017
source_verse	mapping	missing_verse	GLT	19089018
source_verse	mapping	missing_verse	GLT	19089019
source_verse	mapping	missing_verse	GLT	19089020
source_verse	mapping	missing_verse	GLT	19089021
source_verse	mapping	missing_verse	GLT	19089022
source_verse	mapping	missing_verse	GLT	19089023
source_verse	mapping	missing_verse	GLT	19089024
source_verse	mapping	missing_verse	GLT	19089025
source_verse	mapping	missing_verse	GLT	19089026
source_verse	mapping	missing_verse	GLT	19089027
source_verse	mapping	missing_verse	GLT	19089028
source_verse	mapping	missing_verse	GLT	19089029
source_verse	mapping	missing_verse	GLT	19089030
source_verse	mapping	missing_verse	GLT	19089031
source_verse	mapping	missing_verse	GLT	19089032
source_verse	mapping	missing_verse	GLT	19089033
source_verse	mapping	missing_verse	GLT	19089034
source_verse	mapping	missing_verse	GLT	19089035
source_verse	mapping	missing_verse	GLT	19089036
source_verse	mapping	missing_verse	GLT	19089037
source_verse	mapping	missing_verse	GLT	19089038
source_verse	mapping	missing_verse	GLT	19089039
source_verse	mapping	missing_verse	GLT	19089040
source_verse	mapping	missing_verse	GLT	19089041
source_verse	mapping	missing_verse	GLT	19089042
source_verse	mapping	missing_verse	GLT	19089043
source_verse	mapping	missing_verse	GLT	19089044
source_verse	mapping	missing_verse	GLT	19089045
source_verse	mapping	missing_verse	GLT	19089046
source_verse	mapping	missing_verse	GLT	19089047
source_verse	mapping	missing_verse	GLT	19089048
source_verse	mapping	missing_verse	GLT	19089049
source_verse	mapping	missing_verse	GLT	19089050
source_verse	mapping	missing_verse	GLT	19089051
source_verse	mapping	missing_verse	GLT	19089052
source_verse	mapping	missing_verse	GLT	19089053
source_verse	mapping	missing_verse	GLT	19092001
source_verse	mapping	missing_verse	GLT	19092002
source_verse	mapping	missing_verse	GLT	19092003
source_verse	mapping	missing_verse	GLT	19092004
source_verse	mapping	missing_verse	GLT	19092005
source_verse	mapping	missing_verse	GLT	19092006
source_verse	mapping	missing_verse	GLT	19092007
source_verse	mapping	missing_verse	GLT	19092008
source_verse	mapping	missing_verse	GLT	19092009
source_verse	mapping	missing_verse	GLT	19092010
source_verse	mapping	missing_verse	GLT	19092011
source_verse	mapping	missing_verse	GLT	19092012
source_verse	mapping	missing_verse	GLT	19092013
source_verse	mapping	missing_verse	GLT	19092014
source_verse	mapping	missing_verse	GLT	19092015
source_verse	mapping	missing_verse	GLT	19092016
source_verse	mapping	missing_verse	GLT	19102001
source_verse	mapping	missing_verse	GLT	19102002
source_verse	mapping	missing_verse	GLT	19102003
source_verse	mapping	missing_verse	GLT	19102004
source_verse	mapping	missing_verse	GLT	19102005
source_verse	mapping	missing_verse	GLT	19102006
source_verse	mapping	missing_verse	GLT	19102007
source_verse	mapping	missing_verse	GLT	19102008
source_verse	mapping	missing_verse	GLT	19102009
source_verse	mapping	missing_verse	GLT	19102010
source_verse	mapping	missing_verse	GLT	19102011
source_verse	mapping	missing_verse	GLT	19102012
source_verse	mapping	missing_verse	GLT	19102013
source_verse	mapping	missing_verse	GLT	19102014
source_verse	mapping	missing_verse	GLT	19102015
source_verse	mapping	missing_verse	GLT	19102016
source_verse	mapping	missing_verse	GLT	19102017
source_verse	mapping	missing_verse	GLT	19102018
source_verse	mapping	missing_verse	GLT	19102019
source_verse	mapping	missing_verse	GLT	19102020
source_verse	mapping	missing_verse	GLT	19102021
source_verse	mapping	missing_verse	GLT	19102022
source_verse	mapping	missing_verse	GLT	19102023
source_verse	mapping	missing_verse	GLT	19102024
source_verse	mapping	missing_verse	GLT	19102025
source_verse	mapping	missing_verse	GLT	19102026
source_verse	mapping	missing_verse	GLT	19102027
source_verse	mapping	missing_verse	GLT	19102028
source_verse	mapping	missing_verse	GLT	19102029
source_verse	mapping	missing_verse	GLT	19108001
source_verse	mapping	missing_verse	GLT	19108002
source_verse	mapping	missing_verse	GLT	19108003
source_verse	mapping	missing_verse	GLT	19108004
source_verse	mapping	missing_verse	GLT	19108005
source_verse	mapping	missing_verse	GLT	19108006
source_verse	mapping	missing_verse	GLT	19108007
source_verse	mapping	missing_verse	GLT	19108008
source_verse	mapping	missing_verse	GLT	19108009
source_verse	mapping	missing_verse	GLT	19108010
source_verse	mapping	missing_verse	GLT	19108011
source_verse	mapping	missing_verse	GLT	19108012
source_verse	mapping	missing_verse	GLT	19108013
source_verse	mapping	missing_verse	GLT	19108014
source_verse	mapping	missing_verse	GLT	19140001
source_verse	mapping	missing_verse	GLT	19140002
source_verse	mapping	missing_verse	GLT	19140003
source_verse	mapping	missing_verse	GLT	19140004
source_verse	mapping	missing_verse	GLT	19140005
source_verse	mapping	missing_verse	GLT	19140006
source_verse	mapping	missing_verse	GLT	19140007
source_verse	mapping	missing_verse	GLT	19140008
source_verse	mapping	missing_verse	GLT	19140009
source_verse	mapping	missing_verse	GLT	19140010
source_verse	mapping	missing_verse	GLT	19140011
source_verse	mapping	missing_verse	GLT	19140012
source_verse	mapping	missing_verse	GLT	19140013
source_verse	mapping	missing_verse	GLT	19140014
source_verse	mapping	missing_verse	GLT	19142001
source_verse	mapping	missing_verse	GLT	19142002
source_verse	mapping	missing_verse	GLT	19142003
source_verse	mapping	missing_verse	GLT	19142004
source_verse	mapping	missing_verse	GLT	19142005
source_verse	mapping	missing_verse	GLT	19142006
source_verse	mapping	missing_verse	GLT	19142007
source_verse	mapping	missing_verse	GLT	19142008
source_verse	mapping	missing_verse	GLT	21004017
source_verse	mapping	missing_verse	GLT	21005001
source_verse	mapping	missing_verse	GLT	21005002
source_verse	mapping	missing_verse	GLT	21005003
source_verse	mapping	missing_verse	GLT	21005004
source_verse	mapping	missing_verse	GLT	21005005
source_verse	mapping	missing_verse	GLT	21005006
source_verse	mapping	missing_verse	GLT	21005007
source_verse	mapping	missing_verse	GLT	21005008
source_verse	mapping	missing_verse	GLT	21005009
source_verse	mapping	missing_verse	GLT	21005010
source_verse	mapping	missing_verse	GLT	21005011
source_verse	mapping	missing_verse	GLT	21005012
source_verse	mapping	missing_verse	GLT	21005013
source_verse	mapping	missing_verse	GLT	21005014
source_verse	mapping	missing_verse	GLT	21005015
source_verse	mapping	missing_verse	GLT	21005016
source_verse	mapping	missing_verse	GLT	21005017
source_verse	mapping	missing_verse	GLT	21005018
source_verse	mapping	missing_verse	GLT	21005019
source_verse	mapping	missing_verse	GLT	22007001
source_verse	mapping	missing_verse	GLT	22007002
source_verse	mapping	missing_verse	GLT	22007003
source_verse	mapping	missing_verse	GLT	22007004
source_verse	mapping	missing_verse	GLT	22007005
source_verse	mapping	missing_verse	GLT	22007006
source_verse	mapping	missing_verse	GLT	22007007
source_verse	mapping	missing_verse	GLT	22007008
source_verse	mapping	missing_verse	GLT	22007009
source_verse	mapping	missing_verse	GLT	22007010
source_verse	mapping	missing_verse	GLT	22007011
source_verse	mapping	missing_verse	GLT	22007012
source_verse	mapping	missing_verse	GLT	22007013
source_verse	mapping	missing_verse	GLT	22007014
source_verse	mapping	missing_verse	GLT	23008023
source_verse	mapping	missing_verse	GLT	23009001
source_verse	mapping	missing_verse	GLT	23009002
source_verse	mapping	missing_verse	GLT	23009003
source_verse	mapping	missing_verse	GLT	23009004
source_verse	mapping	missing_verse	GLT	23009005
source_verse	mapping	missing_verse	GLT	23009006
source_verse	mapping	missing_verse	GLT	23009007
source_verse	mapping	missing_verse	GLT	23009008
source_verse	mapping	missing_verse	GLT	23009009
source_verse	mapping	missing_verse	GLT	23009010
source_verse	mapping	missing_verse	GLT	23009011
source_verse	mapping	missing_verse	GLT	23009012
source_verse	mapping	missing_verse	GLT	23009013
source_verse	mapping	missing_verse	GLT	23009014
source_verse	mapping	missing_verse	GLT	23009015
source_verse	mapping	missing_verse	GLT	23009016
source_verse	mapping	missing_verse	GLT	23009017
source_verse	mapping	missing_verse	GLT	23009018
source_verse	mapping	missing_verse	GLT	23009019
source_verse	mapping	missing_verse	GLT	23009020
source_verse	mapping	missing_verse	GLT	23064001
source_verse	mapping	missing_verse	GLT	23064002
source_verse	mapping	missing_verse	GLT	23064003
source_verse	mapping	missing_verse	GLT	23064004
source_verse	mapping	missing_verse	GLT	23064005
source_verse	mapping	missing_verse	GLT	23064006
source_verse	mapping	missing_verse	GLT	23064007
source_verse	mapping	missing_verse	GLT	23064008
source_verse	mapping	missing_verse	GLT	23064009
source_verse	mapping	missing_verse	GLT	23064010
source_verse	mapping	missing_verse	GLT	23064011
source_verse	mapping	missing_verse	GLT	24008023
source_verse	mapping	missing_verse	GLT	24009001
source_verse	mapping	missing_verse	GLT	24009002
source_verse	mapping	missing_verse	GLT	24009003
source_verse	mapping	missing_verse	GLT	24009004
source_verse	mapping	missing_verse	GLT	24009005
source_verse	mapping	missing_verse	GLT	24009006
source_verse	mapping	missing_verse	GLT	24009007
source_verse	mapping	missing_verse	GLT	24009008
source_verse	mapping	missing_verse	GLT	24009009
source_verse	mapping	missing_verse	GLT	24009010
source_verse	mapping	missing_verse	GLT	24009011
source_verse	mapping	missing_verse	GLT	24009012
source_verse	mapping	missing_verse	GLT	24009013
source_verse	mapping	missing_verse	GLT	24009014
source_verse	mapping	missing_verse	GLT	24009015
source_verse	mapping	missing_verse	GLT	24009016
source_verse	mapping	missing_verse	GLT	24009017
source_verse	mapping	missing_verse	GLT	24009018
source_verse	mapping	missing_verse	GLT	24009019
source_verse	mapping	missing_verse	GLT	24009020
source_verse	mapping	missing_verse	GLT	24009021
source_verse	mapping	missing_verse	GLT	24009022
source_verse	mapping	missing_verse	GLT	24009023
source_verse	mapping	missing_verse	GLT	24009024
source_verse	mapping	missing_verse	GLT	24009025
source_verse	mapping	missing_verse	GLT	26021001
source_verse	mapping	missing_verse	GLT	26021002
source_verse	mapping	missing_verse	GLT	26021003
source_verse	mapping	missing_verse	GLT	26021004
source_verse	mapping	missing_verse	GLT	26021005
source_verse	mapping	missing_verse	GLT	26021006
source_verse	mapping	missing_verse	GLT	26021007
source_verse	mapping	missing_verse	GLT	26021008
source_verse	mapping	missing_verse	GLT	26021009
source_verse	mapping	missing_verse	GLT	26021010
source_verse	mapping	missing_verse	GLT	26021011
source_verse	mapping	missing_verse	GLT	26021012
source_verse	mapping	missing_verse	GLT	26021013
source_verse	mapping	missing_verse	GLT	26021014
source_verse	mapping	missing_verse	GLT	26021015
source_verse	mapping	missing_verse	GLT	26021016
source_verse	mapping	missing_verse	GLT	26021017
source_verse	mapping	missing_verse	GLT	26021018
source_verse	mapping	missing_verse	GLT	26021019
source_verse	mapping	missing_verse	GLT	26021020
source_verse	mapping	missing_verse	GLT	26021021
source_verse	mapping	missing_verse	GLT	26021022
source_verse	mapping	missing_verse	GLT	26021023
source_verse	mapping	missing_verse	GLT	26021024
source_verse	mapping	missing_verse	GLT	26021025
source_verse	mapping	missing_verse	GLT	26021026
source_verse	mapping	missing_verse	GLT	26021027
source_verse	mapping	missing_verse	GLT	26021028
source_verse	mapping	missing_verse	GLT	26021029
source_verse	mapping	missing_verse	GLT	26021030
source_verse	mapping	missing_verse	GLT	26021031
source_verse	mapping	missing_verse	GLT	26021032
source_verse	mapping	missing_verse	GLT	26021033
source_verse	mapping	missing_verse	GLT	26021034
source_verse	mapping	missing_verse	GLT	26021035
source_verse	mapping	missing_verse	GLT	26021036
source_verse	mapping	missing_verse	GLT	26021037
source_verse	mapping	missing_verse	GLT	27003031
source_verse	mapping	missing_verse	GLT	27003032
source_verse	mapping	missing_verse	GLT	27003033
source_verse	mapping	missing_verse	GLT	27004001
source_verse	mapping	missing_verse	GLT	27004002
source_verse	mapping	missing_verse	GLT	27004003
source_verse	mapping	missing_verse	GLT	27004004
source_verse	mapping	missing_verse	GLT	27004005
source_verse	mapping	missing_verse	GLT	27004006
source_verse	mapping	missing_verse	GLT	27004007
source_verse	mapping	missing_verse	GLT	27004008
source_verse	mapping	missing_verse	GLT	27004009
source_verse	mapping	missing_verse	GLT	27004010
source_verse	mapping	missing_verse	GLT	27004011
source_verse	mapping	missing_verse	GLT	27004012
source_verse	mapping	missing_verse	GLT	27004013
source_verse	mapping	missing_verse	GLT	27004014
source_verse	mapping	missing_verse	GLT	27004015
source_verse	mapping	missing_verse	GLT	27004016
source_verse	mapping	missing_verse	GLT	27004017
source_verse	mapping	missing_verse	GLT	27004018
source_verse	mapping	missing_verse	GLT	27004019
source_verse	mapping	missing_verse	GLT	27004020
source_verse	mapping	missing_verse	GLT	27004021
source_verse	mapping	missing_verse	GLT	27004022
source_verse	mapping	missing_verse	GLT	27004023
source_verse	mapping	missing_verse	GLT	27004024
source_verse	mapping	missing_verse	GLT	27004025
source_verse	mapping	missing_verse	GLT	27004026
source_verse	mapping	missing_verse	GLT	27004027
source_verse	mapping	missing_verse	GLT	27004028
source_verse	mapping	missing_verse	GLT	27004029
source_verse	mapping	missing_verse	GLT	27004030
source_verse	mapping	missing_verse	GLT	27004031
source_verse	mapping	missing_verse	GLT	27004032
source_verse	mapping	missing_verse	GLT	27004033
source_verse	mapping	missing_verse	GLT	27004034
source_verse	mapping	missing_verse	GLT	27006001
source_verse	mapping	missing_verse	GLT	27006002
source_verse	mapping	missing_verse	GLT	27006003
source_verse	mapping	missing_verse	GLT	27006004
source_verse	mapping	missing_verse	GLT	27006005
source_verse	mapping	missing_verse	GLT	27006006
source_verse	mapping	missing_verse	GLT	27006007
source_verse	mapping	missing_verse	GLT	27006008
source_verse	mapping	missing_verse	GLT	27006009
source_verse	mapping	missing_verse	GLT	27006010
source_verse	mapping	missing_verse	GLT	27006011
source_verse	mapping	missing_verse	GLT	27006012
source_verse	mapping	missing_verse	GLT	27006013
source_verse	mapping	missing_verse	GLT	27006014
source_verse	mapping	missing_verse	GLT	27006015
source_verse	mapping	missing_verse	GLT	27006016
source_verse	mapping	missing_verse	GLT	27006017
source_verse	mapping	missing_verse	GLT	27006018
source_verse	mapping	missing_verse	GLT	27006019
source_verse	mapping	missing_verse	GLT	27006020
source_verse	mapping	missing_verse	GLT	27006021
source_verse	mapping	missing_verse	GLT	27006022
source_verse	mapping	missing_verse	GLT	27006023
source_verse	mapping	missing_verse	GLT	27006024
source_verse	mapping	missing_verse	GLT	27006025
source_verse	mapping	missing_verse	GLT	27006026
source_verse	mapping	missing_verse	GLT	27006027
source_verse	mapping	missing_verse	GLT	27006028
source_verse	mapping	missing_verse	GLT	27006029
source_verse	mapping	missing_verse	GLT	28002001
source_verse	mapping	missing_verse	GLT	28002002
source_verse	mapping	missing_verse	GLT	28002003
source_verse	mapping	missing_verse	GLT	28002004
source_verse	mapping	missing_verse	GLT	28002005
source_verse	mapping	missing_verse	GLT	28002006
source_verse	mapping	missing_verse	GLT	28002007
source_verse	mapping	missing_verse	GLT	28002008
source_verse	mapping	missing_verse	GLT	28002009
source_verse	mapping	missing_verse	GLT	28002010
source_verse	mapping	missing_verse	GLT	28002011
source_verse	mapping	missing_verse	GLT	28002012
source_verse	mapping	missing_verse	GLT	28002013
source_verse	mapping	missing_verse	GLT	28002014
source_verse	mapping	missing_verse	GLT	28002015
source_verse	mapping	missing_verse	GLT	28002016
source_verse	mapping	missing_verse	GLT	28002017
source_verse	mapping	missing_verse	GLT	28002018
source_verse	mapping	missing_verse	GLT	28002019
source_verse	mapping	missing_verse	GLT	28002020
source_verse	mapping	missing_verse	GLT	28002021
source_verse	mapping	missing_verse	GLT	28002022
source_verse	mapping	missing_verse	GLT	28002023
source_verse	mapping	missing_verse	GLT	28002024
source_verse	mapping	missing_verse	GLT	28002025
source_verse	mapping	missing_verse	GLT	28012001
source_verse	mapping	missing_verse	GLT	28012002
source_verse	mapping	missing_verse	GLT	28012003
source_verse	mapping	missing_verse	GLT	28012004
source_verse	mapping	missing_verse	GLT	28012005
source_verse	mapping	missing_verse	GLT	28012006
source_verse	mapping	missing_verse	GLT	28012007
source_verse	mapping	missing_verse	GLT	28012008
source_verse	mapping	missing_verse	GLT	28012009
source_verse	mapping	missing_verse	GLT	28012010
source_verse	mapping	missing_verse	GLT	28012011
source_verse	mapping	missing_verse	GLT	28012012
source_verse	mapping	missing_verse	GLT	28012013
source_verse	mapping	missing_verse	GLT	28012014
source_verse	mapping	missing_verse	GLT	28012015
source_verse	mapping	missing_verse	GLT	28014001
source_verse	mapping	missing_verse	GLT	28014002
source_verse	mapping	missing_verse	GLT	28014003
source_verse	mapping	missing_verse	GLT	28014004
source_verse	mapping	missing_verse	GLT	28014005
source_verse	mapping	missing_verse	GLT	28014006
source_verse	mapping	missing_verse	GLT	28014007
source_verse	mapping	missing_verse	GLT	28014008
source_verse	mapping	missing_verse	GLT	28014009
source_verse	mapping	missing_verse	GLT	28014010
source_verse	mapping	missing_verse	GLT	29003001
source_verse	mapping	missing_verse	GLT	29003002
source_verse	mapping	missing_verse	GLT	29003003
source_verse	mapping	missing_verse	GLT	29003004
source_verse	mapping	missing_verse	GLT	29003005
source_verse	mapping	missing_verse	GLT	29004001
source_verse	mapping	missing_verse	GLT	29004002
source_verse	mapping	missing_verse	GLT	29004003
source_verse	mapping	missing_verse	GLT	29004004
source_verse	mapping	missing_verse	GLT	29004005
source_verse	mapping	missing_verse	GLT	29004006
source_verse	mapping	missing_verse	GLT	29004007
source_verse	mapping	missing_verse	GLT	29004008
source_verse	mapping	missing_verse	GLT	29004009
source_verse	mapping	missing_verse	GLT	29004010
source_verse	mapping	missing_verse	GLT	29004011
source_verse	mapping	missing_verse	GLT	29004012
source_verse	mapping	missing_verse	GLT	29004013
source_verse	mapping	missing_verse	GLT	29004014
source_verse	mapping	missing_verse	GLT	29004015
source_verse	mapping	missing_verse	GLT	29004016
source_verse	mapping	missing_verse	GLT	29004017
source_verse	mapping	missing_verse	GLT	29004018
source_verse	mapping	missing_verse	GLT	29004019
source_verse	mapping	missing_verse	GLT	29004020
source_verse	mapping	missing_verse	GLT	29004021
source_verse	mapping	missing_verse	GLT	33004014
source_verse	mapping	missing_verse	GLT	33005001
source_verse	mapping	missing_verse	GLT	33005002
source_verse	mapping	missing_verse	GLT	33005003
source_verse	mapping	missing_verse	GLT	33005004
source_verse	mapping	missing_verse	GLT	33005005
source_verse	mapping	missing_verse	GLT	33005006
source_verse	mapping	missing_verse	GLT	33005007
source_verse	mapping	missing_verse	GLT	33005008
source_verse	mapping	missing_verse	GLT	33005009
source_verse	mapping	missing_verse	GLT	33005010
source_verse	mapping	missing_verse	GLT	33005011
source_verse	mapping	missing_verse	GLT	33005012
source_verse	mapping	missing_verse	GLT	33005013
source_verse	mapping	missing_verse	GLT	33005014
source_verse	mapping	missing_verse	GLT	34002001
source_verse	mapping	missing_verse	GLT	34002002
source_verse	mapping	missing_verse	GLT	34002003
source_verse	mapping	missing_verse	GLT	34002004
source_verse	mapping	missing_verse	GLT	34002005
source_verse	mapping	missing_verse	GLT	34002006
source_verse	mapping	missing_verse	GLT	34002007
source_verse	mapping	missing_verse	GLT	34002008
source_verse	mapping	missing_verse	GLT	34002009
source_verse	mapping	missing_verse	GLT	34002010
source_verse	mapping	missing_verse	GLT	34002011
source_verse	mapping	missing_verse	GLT	34002012
source_verse	mapping	missing_verse	GLT	34002013
source_verse	mapping	missing_verse	GLT	34002014
source_verse	mapping	missing_verse	GLT	38002001
source_verse	mapping	missing_verse	GLT	38002002
source_verse	mapping	missing_verse	GLT	38002003
source_verse	mapping	missing_verse	GLT	38002004
source_verse	mapping	missing_verse	GLT	38002005
source_verse	mapping	missing_verse	GLT	38002006
source_verse	mapping	missing_verse	GLT	38002007
source_verse	mapping	missing_verse	GLT	38002008
source_verse	mapping	missing_verse	GLT	38002009
source_verse	mapping	missing_verse	GLT	38002010
source_verse	mapping	missing_verse	GLT	38002011
source_verse	mapping	missing_verse	GLT	38002012
source_verse	mapping	missing_verse	GLT	38002013
source_verse	mapping	missing_verse	GLT	38002014
source_verse	mapping	missing_verse	GLT	38002015
source_verse	mapping	missing_verse	GLT	38002016
source_verse	mapping	missing_verse	GLT	38002017
source_verse	mapping	missing_verse	GLT	39003019
source_verse	mapping	missing_verse	GLT	39003020
source_verse	mapping	missing_verse	GLT	39003021
source_verse	mapping	missing_verse	GLT	39003022
source_verse	mapping	missing_verse	GLT	39003023
source_verse	mapping	missing_verse	GLT	39003024
source_verse	mapping	missing_verse	GLT	44019040
source_verse	mapping	missing_verse	GLT	44019040
