target_verse	mapping	missing_verse	GLT	01031055
target_verse	mapping	missing_verse	GLT	01032001
target_verse	mapping	missing_verse	GLT	01032002
target_verse	mapping	missing_verse	GLT	01032003
target_verse	mapping	missing_verse	GLT	01032004
target_verse	mapping	missing_verse	GLT	01032005
target_verse	mapping	missing_verse	GLT	01032006
target_verse	mapping	missing_verse	GLT	01032007
target_verse	mapping	missing_verse	GLT	01032008
target_verse	mapping	missing_verse	GLT	01032009
target_verse	mapping	missing_verse	GLT	01032010
target_verse	mapping	missing_verse	GLT	01032011
target_verse	mapping	missing_verse	GLT	01032012
target_verse	mapping	missing_verse	GLT	01032013
target_verse	mapping	missing_verse	GLT	01032014
target_verse	mapping	missing_verse	GLT	01032015
target_verse	mapping	missing_verse	GLT	01032016
target_verse	mapping	missing_verse	GLT	01032017
target_verse	mapping	missing_verse	GLT	01032018
target_verse	mapping	missing_verse	GLT	01032019
target_verse	mapping	missing_verse	GLT	01032020
target_verse	mapping	missing_verse	GLT	01032021
target_verse	mapping	missing_verse	GLT	01032022
target_verse	mapping	missing_verse	GLT	01032023
target_verse	mapping	missing_verse	GLT	01032024
target_verse	mapping	missing_verse	GLT	01032025
target_verse	mapping	missing_verse	GLT	01032026
target_verse	mapping	missing_verse	GLT	01032027
target_verse	mapping	missing_verse	GLT	01032028
target_verse	mapping	missing_verse	GLT	01032029
target_verse	mapping	missing_verse	GLT	01032030
target_verse	mapping	missing_verse	GLT	01032031
target_verse	mapping	missing_verse	GLT	01032032
target_verse	mapping	missing_verse	GLT	02008001
target_verse	mapping	missing_verse	GLT	02008002
target_verse	mapping	missing_verse	GLT	02008003
target_verse	mapping	missing_verse	GLT	02008004
target_verse	mapping	missing_verse	GLT	02008005
target_verse	mapping	missing_verse	GLT	02008006
target_verse	mapping	missing_verse	GLT	02008007
target_verse	mapping	missing_verse	GLT	02008008
target_verse	mapping	missing_verse	GLT	02008009
target_verse	mapping	missing_verse	GLT	02008010
target_verse	mapping	missing_verse	GLT	02008011
target_verse	mapping	missing_verse	GLT	02008012
target_verse	mapping	missing_verse	GLT	02008013
target_verse	mapping	missing_verse	GLT	02008014
target_verse	mapping	missing_verse	GLT	02008015
target_verse	mapping	missing_verse	GLT	02008016
target_verse	mapping	missing_verse	GLT	02008017
target_verse	mapping	missing_verse	GLT	02008018
target_verse	mapping	missing_verse	GLT	02008019
target_verse	mapping	missing_verse	GLT	02008020
target_verse	mapping	missing_verse	GLT	02008021
target_verse	mapping	missing_verse	GLT	02008022
target_verse	mapping	missing_verse	GLT	02008023
target_verse	mapping	missing_verse	GLT	02008024
target_verse	mapping	missing_verse	GLT	02008025
target_verse	mapping	missing_verse	GLT	02008026
target_verse	mapping	missing_verse	GLT	02008027
target_verse	mapping	missing_verse	GLT	02008028
target_verse	mapping	missing_verse	GLT	02008029
target_verse	mapping	missing_verse	GLT	02008030
target_verse	mapping	missing_verse	GLT	02008031
target_verse	mapping	missing_verse	GLT	02008032
target_verse	mapping	missing_verse	GLT	02022001
target_verse	mapping	missing_verse	GLT	02022002
target_verse	mapping	missing_verse	GLT	02022003
target_verse	mapping	missing_verse	GLT	02022004
target_verse	mapping	missing_verse	GLT	02022005
target_verse	mapping	missing_verse	GLT	02022006
target_verse	mapping	missing_verse	GLT	02022007
target_verse	mapping	missing_verse	GLT	02022008
target_verse	mapping	missing_verse	GLT	02022009
target_verse	mapping	missing_verse	GLT	02022010
target_verse	mapping	missing_verse	GLT	02022011
target_verse	mapping	missing_verse	GLT	02022012
target_verse	mapping	missing_verse	GLT	02022013
target_verse	mapping	missing_verse	GLT	02022014
target_verse	mapping	missing_verse	GLT	02022015
target_verse	mapping	missing_verse	GLT	02022016
target_verse	mapping	missing_verse	GLT	02022017
target_verse	mapping	missing_verse	GLT	02022018
target_verse	mapping	missing_verse	GLT	02022019
target_verse	mapping	missing_verse	GLT	02022020
target_verse	mapping	missing_verse	GLT	02022021
target_verse	mapping	missing_verse	GLT	02022022
target_verse	mapping	missing_verse	GLT	02022023
target_verse	mapping	missing_verse	GLT	02022024
target_verse	mapping	missing_verse	GLT	02022025
target_verse	mapping	missing_verse	GLT	02022026
target_verse	mapping	missing_verse	GLT	02022027
target_verse	mapping	missing_verse	GLT	02022028
target_verse	mapping	missing_verse	GLT	02022029
target_verse	mapping	missing_verse	GLT	02022030
target_verse	mapping	missing_verse	GLT	02022031
target_verse	mapping	missing_verse	GLT	03006001
target_verse	mapping	missing_verse	GLT	03006002
target_verse	mapping	missing_verse	GLT	03006003
target_verse	mapping	missing_verse	GLT	03006004
target_verse	mapping	missing_verse	GLT	03006005
target_verse	mapping	missing_verse	GLT	03006006
target_verse	mapping	missing_verse	GLT	03006007
target_verse	mapping	missing_verse	GLT	03006008
target_verse	mapping	missing_verse	GLT	03006009
target_verse	mapping	missing_verse	GLT	03006010
target_verse	mapping	missing_verse	GLT	03006011
target_verse	mapping	missing_verse	GLT	03006012
target_verse	mapping	missing_verse	GLT	03006013
target_verse	mapping	missing_verse	GLT	03006014
target_verse	mapping	missing_verse	GLT	03006015
target_verse	mapping	missing_verse	GLT	03006016
target_verse	mapping	missing_verse	GLT	03006017
target_verse	mapping	missing_verse	GLT	03006018
target_verse	mapping	missing_verse	GLT	03006019
target_verse	mapping	missing_verse	GLT	03006020
target_verse	mapping	missing_verse	GLT	03006021
target_verse	mapping	missing_verse	GLT	03006022
target_verse	mapping	missing_verse	GLT	03006023
target_verse	mapping	missing_verse	GLT	03006024
target_verse	mapping	missing_verse	GLT	03006025
target_verse	mapping	missing_verse	GLT	03006026
target_verse	mapping	missing_verse	GLT	03006027
target_verse	mapping	missing_verse	GLT	03006028
target_verse	mapping	missing_verse	GLT	03006029
target_verse	mapping	missing_verse	GLT	03006030
target_verse	mapping	missing_verse	GLT	04016036
target_verse	mapping	missing_verse	GLT	04016037
target_verse	mapping	missing_verse	GLT	04016038
target_verse	mapping	missing_verse	GLT	04016039
target_verse	mapping	missing_verse	GLT	04016040
target_verse	mapping	missing_verse	GLT	04016041
target_verse	mapping	missing_verse	GLT	04016042
target_verse	mapping	missing_verse	GLT	04016043
target_verse	mapping	missing_verse	GLT	04016044
target_verse	mapping	missing_verse	GLT	04016045
target_verse	mapping	missing_verse	GLT	04016046
target_verse	mapping	missing_verse	GLT	04016047
target_verse	mapping	missing_verse	GLT	04016048
target_verse	mapping	missing_verse	GLT	04016049
target_verse	mapping	missing_verse	GLT	04016050
target_verse	mapping	missing_verse	GLT	04017001
target_verse	mapping	missing_verse	GLT	04017002
target_verse	mapping	missing_verse	GLT	04017003
target_verse	mapping	missing_verse	GLT	04017004
target_verse	mapping	missing_verse	GLT	04017005
target_verse	mapping	missing_verse	GLT	04017006
target_verse	mapping	missing_verse	GLT	04017007
target_verse	mapping	missing_verse	GLT	04017008
target_verse	mapping	missing_verse	GLT	04017009
target_verse	mapping	missing_verse	GLT	04017010
target_verse	mapping	missing_verse	GLT	04017011
target_verse	mapping	missing_verse	GLT	04017012
target_verse	mapping	missing_verse	GLT	04017013
target_verse	mapping	missing_verse	GLT	04029040
target_verse	mapping	missing_verse	GLT	04030001
target_verse	mapping	missing_verse	GLT	04030002
target_verse	mapping	missing_verse	GLT	04030003
target_verse	mapping	missing_verse	GLT	04030004
target_verse	mapping	missing_verse	GLT	04030005
target_verse	mapping	missing_verse	GLT	04030006
target_verse	mapping	missing_verse	GLT	04030007
target_verse	mapping	missing_verse	GLT	04030008
target_verse	mapping	missing_verse	GLT	04030009
target_verse	mapping	missing_verse	GLT	04030010
target_verse	mapping	missing_verse	GLT	04030011
target_verse	mapping	missing_verse	GLT	04030012
target_verse	mapping	missing_verse	GLT	04030013
target_verse	mapping	missing_verse	GLT	04030014
target_verse	mapping	missing_verse	GLT	04030015
target_verse	mapping	missing_verse	GLT	04030016
target_verse	mapping	missing_verse	GLT	05012032
target_verse	mapping	missing_verse	GLT	05013001
target_verse	mapping	missing_verse	GLT	05013002
target_verse	mapping	missing_verse	GLT	05013003
target_verse	mapping	missing_verse	GLT	05013004
target_verse	mapping	missing_verse	GLT	05013005
target_verse	mapping	missing_verse	GLT	05013006
target_verse	mapping	missing_verse	GLT	05013007
target_verse	mapping	missing_verse	GLT	05013008
target_verse	mapping	missing_verse	GLT	05013009
target_verse	mapping	missing_verse	GLT	05013010
target_verse	mapping	missing_verse	GLT	05013011
target_verse	mapping	missing_verse	GLT	05013012
target_verse	mapping	missing_verse	GLT	05013013
target_verse	mapping	missing_verse	GLT	05013014
target_verse	mapping	missing_verse	GLT	05013015
target_verse	mapping	missing_verse	GLT	05013016
target_verse	mapping	missing_verse	GLT	05013017
target_verse	mapping	missing_verse	GLT	05013018
target_verse	mapping	missing_verse	GLT	05022030
target_verse	mapping	missing_verse	GLT	05023001
target_verse	mapping	missing_verse	GLT	05023002
target_verse	mapping	missing_verse	GLT	05023003
target_verse	mapping	missing_verse	GLT	05023004
target_verse	mapping	missing_verse	GLT	05023005
target_verse	mapping	missing_verse	GLT	05023006
target_verse	mapping	missing_verse	GLT	05023007
target_verse	mapping	missing_verse	GLT	05023008
target_verse	mapping	missing_verse	GLT	05023009
target_verse	mapping	missing_verse	GLT	05023010
target_verse	mapping	missing_verse	GLT	05023011
target_verse	mapping	missing_verse	GLT	05023012
target_verse	mapping	missing_verse	GLT	05023013
target_verse	mapping	missing_verse	GLT	05023014
target_verse	mapping	missing_verse	GLT	05023015
target_verse	mapping	missing_verse	GLT	05023016
target_verse	mapping	missing_verse	GLT	05023017
target_verse	mapping	missing_verse	GLT	05023018
target_verse	mapping	missing_verse	GLT	05023019
target_verse	mapping	missing_verse	GLT	05023020
target_verse	mapping	missing_verse	GLT	05023021
target_verse	mapping	missing_verse	GLT	05023022
target_verse	mapping	missing_verse	GLT	05023023
target_verse	mapping	missing_verse	GLT	05023024
target_verse	mapping	missing_verse	GLT	05023025
target_verse	mapping	missing_verse	GLT	05029001
target_verse	mapping	missing_verse	GLT	05029002
target_verse	mapping	missing_verse	GLT	05029003
target_verse	mapping	missing_verse	GLT	05029004
target_verse	mapping	missing_verse	GLT	05029005
target_verse	mapping	missing_verse	GLT	05029006
target_verse	mapping	missing_verse	GLT	05029007
target_verse	mapping	missing_verse	GLT	05029008
target_verse	mapping	missing_verse	GLT	05029009
target_verse	mapping	missing_verse	GLT	05029010
target_verse	mapping	missing_verse	GLT	05029011
target_verse	mapping	missing_verse	GLT	05029012
target_verse	mapping	missing_verse	GLT	05029013
target_verse	mapping	missing_verse	GLT	05029014
target_verse	mapping	missing_verse	GLT	05029015
target_verse	mapping	missing_verse	GLT	05029016
target_verse	mapping	missing_verse	GLT	05029017
target_verse	mapping	missing_verse	GLT	05029018
target_verse	mapping	missing_verse	GLT	05029019
target_verse	mapping	missing_verse	GLT	05029020
target_verse	mapping	missing_verse	GLT	05029021
target_verse	mapping	missing_verse	GLT	05029022
target_verse	mapping	missing_verse	GLT	05029023
target_verse	mapping	missing_verse	GLT	05029024
target_verse	mapping	missing_verse	GLT	05029025
target_verse	mapping	missing_verse	GLT	05029026
target_verse	mapping	missing_verse	GLT	05029027
target_verse	mapping	missing_verse	GLT	05029028
target_verse	mapping	missing_verse	GLT	05029029
target_verse	mapping	missing_verse	GLT	09020042
target_verse	mapping	missing_verse	GLT	09021001
target_verse	mapping	missing_verse	GLT	09021002
target_verse	mapping	missing_verse	GLT	09021003
target_verse	mapping	missing_verse	GLT	09021004
target_verse	mapping	missing_verse	GLT	09021005
target_verse	mapping	missing_verse	GLT	09021006
target_verse	mapping	missing_verse	GLT	09021007
target_verse	mapping	missing_verse	GLT	09021008
target_verse	mapping	missing_verse	GLT	09021009
target_verse	mapping	missing_verse	GLT	09021010
target_verse	mapping	missing_verse	GLT	09021011
target_verse	mapping	missing_verse	GLT	09021012
target_verse	mapping	missing_verse	GLT	09021013
target_verse	mapping	missing_verse	GLT	09021014
target_verse	mapping	missing_verse	GLT	09021015
target_verse	mapping	missing_verse	GLT	09023029
target_verse	mapping	missing_verse	GLT	09024001
target_verse	mapping	missing_verse	GLT	09024002
target_verse	mapping	missing_verse	GLT	09024003
target_verse	mapping	missing_verse	GLT	09024004
target_verse	mapping	missing_verse	GLT	09024005
target_verse	mapping	missing_verse	GLT	09024006
target_verse	mapping	missing_verse	GLT	09024007
target_verse	mapping	missing_verse	GLT	09024008
target_verse	mapping	missing_verse	GLT	09024009
target_verse	mapping	missing_verse	GLT	09024010
target_verse	mapping	missing_verse	GLT	09024011
target_verse	mapping	missing_verse	GLT	09024012
target_verse	mapping	missing_verse	GLT	09024013
target_verse	mapping	missing_verse	GLT	09024014
target_verse	mapping	missing_verse	GLT	09024015
target_verse	mapping	missing_verse	GLT	09024016
target_verse	mapping	missing_verse	GLT	09024017
target_verse	mapping	missing_verse	GLT	09024018
target_verse	mapping	missing_verse	GLT	09024019
target_verse	mapping	missing_verse	GLT	09024020
target_verse	mapping	missing_verse	GLT	09024021
target_verse	mapping	missing_verse	GLT	09024022
target_verse	mapping	missing_verse	GLT	10018033
target_verse	mapping	missing_verse	GLT	10019001
target_verse	mapping	missing_verse	GLT	10019002
target_verse	mapping	missing_verse	GLT	10019003
target_verse	mapping	missing_verse	GLT	10019004
target_verse	mapping	missing_verse	GLT	10019005
target_verse	mapping	missing_verse	GLT	10019006
target_verse	mapping	missing_verse	GLT	10019007
target_verse	mapping	missing_verse	GLT	10019008
target_verse	mapping	missing_verse	GLT	10019009
target_verse	mapping	missing_verse	GLT	10019010
target_verse	mapping	missing_verse	GLT	10019011
target_verse	mapping	missing_verse	GLT	10019012
target_verse	mapping	missing_verse	GLT	10019013
target_verse	mapping	missing_verse	GLT	10019014
target_verse	mapping	missing_verse	GLT	10019015
target_verse	mapping	missing_verse	GLT	10019016
target_verse	mapping	missing_verse	GLT	10019017
target_verse	mapping	missing_verse	GLT	10019018
target_verse	mapping	missing_verse	GLT	10019019
target_verse	mapping	missing_verse	GLT	10019020
target_verse	mapping	missing_verse	GLT	10019021
target_verse	mapping	missing_verse	GLT	10019022
target_verse	mapping	missing_verse	GLT	10019023
target_verse	mapping	missing_verse	GLT	10019024
target_verse	mapping	missing_verse	GLT	10019025
target_verse	mapping	missing_verse	GLT	10019026
target_verse	mapping	missing_verse	GLT	10019027
target_verse	mapping	missing_verse	GLT	10019028
target_verse	mapping	missing_verse	GLT	10019029
target_verse	mapping	missing_verse	GLT	10019030
target_verse	mapping	missing_verse	GLT	10019031
target_verse	mapping	missing_verse	GLT	10019032
target_verse	mapping	missing_verse	GLT	10019033
target_verse	mapping	missing_verse	GLT	10019034
target_verse	mapping	missing_verse	GLT	10019035
target_verse	mapping	missing_verse	GLT	10019036
target_verse	mapping	missing_verse	GLT	10019037
target_verse	mapping	missing_verse	GLT	10019038
target_verse	mapping	missing_verse	GLT	10019039
target_verse	mapping	missing_verse	GLT	10019040
target_verse	mapping	missing_verse	GLT	10019041
target_verse	mapping	missing_verse	GLT	10019042
target_verse	mapping	missing_verse	GLT	10019043
target_verse	mapping	missing_verse	GLT	11004021
target_verse	mapping	missing_verse	GLT	11004022
target_verse	mapping	missing_verse	GLT	11004023
target_verse	mapping	missing_verse	GLT	11004024
target_verse	mapping	missing_verse	GLT	11004025
target_verse	mapping	missing_verse	GLT	11004026
target_verse	mapping	missing_verse	GLT	11004027
target_verse	mapping	missing_verse	GLT	11004028
target_verse	mapping	missing_verse	GLT	11004029
target_verse	mapping	missing_verse	GLT	11004030
target_verse	mapping	missing_verse	GLT	11004031
target_verse	mapping	missing_verse	GLT	11004032
target_verse	mapping	missing_verse	GLT	11004033
target_verse	mapping	missing_verse	GLT	11004034
target_verse	mapping	missing_verse	GLT	11005001
target_verse	mapping	missing_verse	GLT	11005002
target_verse	mapping	missing_verse	GLT	11005003
target_verse	mapping	missing_verse	GLT	11005004
target_verse	mapping	missing_verse	GLT	11005005
target_verse	mapping	missing_verse	GLT	11005006
target_verse	mapping	missing_verse	GLT	11005007
target_verse	mapping	missing_verse	GLT	11005008
target_verse	mapping	missing_verse	GLT	11005009
target_verse	mapping	missing_verse	GLT	11005010
target_verse	mapping	missing_verse	GLT	11005011
target_verse	mapping	missing_verse	GLT	11005012
target_verse	mapping	missing_verse	GLT	11005013
target_verse	mapping	missing_verse	GLT	11005014
target_verse	mapping	missing_verse	GLT	11005015
target_verse	mapping	missing_verse	GLT	11005016
target_verse	mapping	missing_verse	GLT	11005017
target_verse	mapping	missing_verse	GLT	11005018
target_verse	mapping	missing_verse	GLT	11022043
target_verse	mapping	missing_verse	GLT	11022044
target_verse	mapping	missing_verse	GLT	11022045
target_verse	mapping	missing_verse	GLT	11022046
target_verse	mapping	missing_verse	GLT	11022047
target_verse	mapping	missing_verse	GLT	11022048
target_verse	mapping	missing_verse	GLT	11022049
target_verse	mapping	missing_verse	GLT	11022050
target_verse	mapping	missing_verse	GLT	11022051
target_verse	mapping	missing_verse	GLT	11022052
target_verse	mapping	missing_verse	GLT	11022053
target_verse	mapping	missing_verse	GLT	12011021
target_verse	mapping	missing_verse	GLT	12012001
target_verse	mapping	missing_verse	GLT	12012002
target_verse	mapping	missing_verse	GLT	12012003
target_verse	mapping	missing_verse	GLT	12012004
target_verse	mapping	missing_verse	GLT	12012005
target_verse	mapping	missing_verse	GLT	12012006
target_verse	mapping	missing_verse	GLT	12012007
target_verse	mapping	missing_verse	GLT	12012008
target_verse	mapping	missing_verse	GLT	12012009
target_verse	mapping	missing_verse	GLT	12012010
target_verse	mapping	missing_verse	GLT	12012011
target_verse	mapping	missing_verse	GLT	12012012
target_verse	mapping	missing_verse	GLT	12012013
target_verse	mapping	missing_verse	GLT	12012014
target_verse	mapping	missing_verse	GLT	12012015
target_verse	mapping	missing_verse	GLT	12012016
target_verse	mapping	missing_verse	GLT	12012017
target_verse	mapping	missing_verse	GLT	12012018
target_verse	mapping	missing_verse	GLT	12012019
target_verse	mapping	missing_verse	GLT	12012020
target_verse	mapping	missing_verse	GLT	12012021
target_verse	mapping	missing_verse	GLT	13006001
target_verse	mapping	missing_verse	GLT	13006002
target_verse	mapping	missing_verse	GLT	13006003
target_verse	mapping	missing_verse	GLT	13006004
target_verse	mapping	missing_verse	GLT	13006005
target_verse	mapping	missing_verse	GLT	13006006
target_verse	mapping	missing_verse	GLT	13006007
target_verse	mapping	missing_verse	GLT	13006008
target_verse	mapping	missing_verse	GLT	13006009
target_verse	mapping	missing_verse	GLT	13006010
target_verse	mapping	missing_verse	GLT	13006011
target_verse	mapping	missing_verse	GLT	13006012
target_verse	mapping	missing_verse	GLT	13006013
target_verse	mapping	missing_verse	GLT	13006014
target_verse	mapping	missing_verse	GLT	13006015
target_verse	mapping	missing_verse	GLT	13006016
target_verse	mapping	missing_verse	GLT	13006017
target_verse	mapping	missing_verse	GLT	13006018
target_verse	mapping	missing_verse	GLT	13006019
target_verse	mapping	missing_verse	GLT	13006020
target_verse	mapping	missing_verse	GLT	13006021
target_verse	mapping	missing_verse	GLT	13006022
target_verse	mapping	missing_verse	GLT	13006023
target_verse	mapping	missing_verse	GLT	13006024
target_verse	mapping	missing_verse	GLT	13006025
target_verse	mapping	missing_verse	GLT	13006026
target_verse	mapping	missing_verse	GLT	13006027
target_verse	mapping	missing_verse	GLT	13006028
target_verse	mapping	missing_verse	GLT	13006029
target_verse	mapping	missing_verse	GLT	13006030
target_verse	mapping	missing_verse	GLT	13006031
target_verse	mapping	missing_verse	GLT	13006032
target_verse	mapping	missing_verse	GLT	13006033
target_verse	mapping	missing_verse	GLT	13006034
target_verse	mapping	missing_verse	GLT	13006035
target_verse	mapping	missing_verse	GLT	13006036
target_verse	mapping	missing_verse	GLT	13006037
target_verse	mapping	missing_verse	GLT	13006038
target_verse	mapping	missing_verse	GLT	13006039
target_verse	mapping	missing_verse	GLT	13006040
target_verse	mapping	missing_verse	GLT	13006041
target_verse	mapping	missing_verse	GLT	13006042
target_verse	mapping	missing_verse	GLT	13006043
target_verse	mapping	missing_verse	GLT	13006044
target_verse	mapping	missing_verse	GLT	13006045
target_verse	mapping	missing_verse	GLT	13006046
target_verse	mapping	missing_verse	GLT	13006047
target_verse	mapping	missing_verse	GLT	13006048
target_verse	mapping	missing_verse	GLT	13006049
target_verse	mapping	missing_verse	GLT	13006050
target_verse	mapping	missing_verse	GLT	13006051
target_verse	mapping	missing_verse	GLT	13006052
target_verse	mapping	missing_verse	GLT	13006053
target_verse	mapping	missing_verse	GLT	13006054
target_verse	mapping	missing_verse	GLT	13006055
target_verse	mapping	missing_verse	GLT	13006056
target_verse	mapping	missing_verse	GLT	13006057
target_verse	mapping	missing_verse	GLT	13006058
target_verse	mapping	missing_verse	GLT	13006059
target_verse	mapping	missing_verse	GLT	13006060
target_verse	mapping	missing_verse	GLT	13006061
target_verse	mapping	missing_verse	GLT	13006062
target_verse	mapping	missing_verse	GLT	13006063
target_verse	mapping	missing_verse	GLT	13006064
target_verse	mapping	missing_verse	GLT	13006065
target_verse	mapping	missing_verse	GLT	13006066
target_verse	mapping	missing_verse	GLT	13006067
target_verse	mapping	missing_verse	GLT	13006068
target_verse	mapping	missing_verse	GLT	13006069
target_verse	mapping	missing_verse	GLT	13006070
target_verse	mapping	missing_verse	GLT	13006071
target_verse	mapping	missing_verse	GLT	13006072
target_verse	mapping	missing_verse	GLT	13006073
target_verse	mapping	missing_verse	GLT	13006074
target_verse	mapping	missing_verse	GLT	13006075
target_verse	mapping	missing_verse	GLT	13006076
target_verse	mapping	missing_verse	GLT	13006077
target_verse	mapping	missing_verse	GLT	13006078
target_verse	mapping	missing_verse	GLT	13006079
target_verse	mapping	missing_verse	GLT	13006080
target_verse	mapping	missing_verse	GLT	13006081
target_verse	mapping	missing_verse	GLT	13012004
target_verse	mapping	missing_verse	GLT	13012005
target_verse	mapping	missing_verse	GLT	13012006
target_verse	mapping	missing_verse	GLT	13012007
target_verse	mapping	missing_verse	GLT	13012008
target_verse	mapping	missing_verse	GLT	13012009
target_verse	mapping	missing_verse	GLT	13012010
target_verse	mapping	missing_verse	GLT	13012011
target_verse	mapping	missing_verse	GLT	13012012
target_verse	mapping	missing_verse	GLT	13012013
target_verse	mapping	missing_verse	GLT	13012014
target_verse	mapping	missing_verse	GLT	13012015
target_verse	mapping	missing_verse	GLT	13012016
target_verse	mapping	missing_verse	GLT	13012017
target_verse	mapping	missing_verse	GLT	13012018
target_verse	mapping	missing_verse	GLT	13012019
target_verse	mapping	missing_verse	GLT	13012020
target_verse	mapping	missing_verse	GLT	13012021
target_verse	mapping	missing_verse	GLT	13012022
target_verse	mapping	missing_verse	GLT	13012023
target_verse	mapping	missing_verse	GLT	13012024
target_verse	mapping	missing_verse	GLT	13012025
target_verse	mapping	missing_verse	GLT	13012026
target_verse	mapping	missing_verse	GLT	13012027
target_verse	mapping	missing_verse	GLT	13012028
target_verse	mapping	missing_verse	GLT	13012029
target_verse	mapping	missing_verse	GLT	13012030
target_verse	mapping	missing_verse	GLT	13012031
target_verse	mapping	missing_verse	GLT	13012032
target_verse	mapping	missing_verse	GLT	13012033
target_verse	mapping	missing_verse	GLT	13012034
target_verse	mapping	missing_verse	GLT	13012035
target_verse	mapping	missing_verse	GLT	13012036
target_verse	mapping	missing_verse	GLT	13012037
target_verse	mapping	missing_verse	GLT	13012038
target_verse	mapping	missing_verse	GLT	13012039
target_verse	mapping	missing_verse	GLT	13012040
target_verse	mapping	missing_verse	GLT	14002001
target_verse	mapping	missing_verse	GLT	14002002
target_verse	mapping	missing_verse	GLT	14002003
target_verse	mapping	missing_verse	GLT	14002004
target_verse	mapping	missing_verse	GLT	14002005
target_verse	mapping	missing_verse	GLT	14002006
target_verse	mapping	missing_verse	GLT	14002007
target_verse	mapping	missing_verse	GLT	14002008
target_verse	mapping	missing_verse	GLT	14002009
target_verse	mapping	missing_verse	GLT	14002010
target_verse	mapping	missing_verse	GLT	14002011
target_verse	mapping	missing_verse	GLT	14002012
target_verse	mapping	missing_verse	GLT	14002013
target_verse	mapping	missing_verse	GLT	14002014
target_verse	mapping	missing_verse	GLT	14002015
target_verse	mapping	missing_verse	GLT	14002016
target_verse	mapping	missing_verse	GLT	14002017
target_verse	mapping	missing_verse	GLT	14002018
target_verse	mapping	missing_verse	GLT	14014001
target_verse	mapping	missing_verse	GLT	14014002
target_verse	mapping	missing_verse	GLT	14014003
target_verse	mapping	missing_verse	GLT	14014004
target_verse	mapping	missing_verse	GLT	14014005
target_verse	mapping	missing_verse	GLT	14014006
target_verse	mapping	missing_verse	GLT	14014007
target_verse	mapping	missing_verse	GLT	14014008
target_verse	mapping	missing_verse	GLT	14014009
target_verse	mapping	missing_verse	GLT	14014010
target_verse	mapping	missing_verse	GLT	14014011
target_verse	mapping	missing_verse	GLT	14014012
target_verse	mapping	missing_verse	GLT	14014013
target_verse	mapping	missing_verse	GLT	14014014
target_verse	mapping	missing_verse	GLT	14014015
target_verse	mapping	missing_verse	GLT	18041001
target_verse	mapping	missing_verse	GLT	18041002
target_verse	mapping	missing_verse	GLT	18041003
target_verse	mapping	missing_verse	GLT	18041004
target_verse	mapping	missing_verse	GLT	18041005
target_verse	mapping	missing_verse	GLT	18041006
target_verse	mapping	missing_verse	GLT	18041007
target_verse	mapping	missing_verse	GLT	18041008
target_verse	mapping	missing_verse	GLT	18041009
target_verse	mapping	missing_verse	GLT	18041010
target_verse	mapping	missing_verse	GLT	18041011
target_verse	mapping	missing_verse	GLT	18041012
target_verse	mapping	missing_verse	GLT	18041013
target_verse	mapping	missing_verse	GLT	18041014
target_verse	mapping	missing_verse	GLT	18041015
target_verse	mapping	missing_verse	GLT	18041016
target_verse	mapping	missing_verse	GLT	18041017
target_verse	mapping	missing_verse	GLT	18041018
target_verse	mapping	missing_verse	GLT	18041019
target_verse	mapping	missing_verse	GLT	18041020
target_verse	mapping	missing_verse	GLT	18041021
target_verse	mapping	missing_verse	GLT	18041022
target_verse	mapping	missing_verse	GLT	18041023
target_verse	mapping	missing_verse	GLT	18041024
target_verse	mapping	missing_verse	GLT	18041025
target_verse	mapping	missing_verse	GLT	18041026
target_verse	mapping	missing_verse	GLT	18041027
target_verse	mapping	missing_verse	GLT	18041028
target_verse	mapping	missing_verse	GLT	18041029
target_verse	mapping	missing_verse	GLT	18041030
target_verse	mapping	missing_verse	GLT	18041031
target_verse	mapping	missing_verse	GLT	18041032
target_verse	mapping	missing_verse	GLT	18041033
target_verse	mapping	missing_verse	GLT	18041034
target_verse	mapping	missing_verse	GLT	19003000
target_verse	mapping	missing_verse	GLT	19003001
target_verse	mapping	missing_verse	GLT	19003002
target_verse	mapping	missing_verse	GLT	19003003
target_verse	mapping	missing_verse	GLT	19003004
target_verse	mapping	missing_verse	GLT	19003005
target_verse	mapping	missing_verse	GLT	19003006
target_verse	mapping	missing_verse	GLT	19003007
target_verse	mapping	missing_verse	GLT	19003008
target_verse	mapping	missing_verse	GLT	19004000
target_verse	mapping	missing_verse	GLT	19004001
target_verse	mapping	missing_verse	GLT	19004002
target_verse	mapping	missing_verse	GLT	19004003
target_verse	mapping	missing_verse	GLT	19004004
target_verse	mapping	missing_verse	GLT	19004005
target_verse	mapping	missing_verse	GLT	19004006
target_verse	mapping	missing_verse	GLT	19004007
target_verse	mapping	missing_verse	GLT	19004008
target_verse	mapping	missing_verse	GLT	19005000
target_verse	mapping	missing_verse	GLT	19005001
target_verse	mapping	missing_verse	GLT	19005002
target_verse	mapping	missing_verse	GLT	19005003
target_verse	mapping	missing_verse	GLT	19005004
target_verse	mapping	missing_verse	GLT	19005005
target_verse	mapping	missing_verse	GLT	19005006
target_verse	mapping	missing_verse	GLT	19005007
target_verse	mapping	missing_verse	GLT	19005008
target_verse	mapping	missing_verse	GLT	19005009
target_verse	mapping	missing_verse	GLT	19005010
target_verse	mapping	missing_verse	GLT	19005011
target_verse	mapping	missing_verse	GLT	19005012
target_verse	mapping	missing_verse	GLT	19006000
target_verse	mapping	missing_verse	GLT	19006001
target_verse	mapping	missing_verse	GLT	19006002
target_verse	mapping	missing_verse	GLT	19006003
target_verse	mapping	missing_verse	GLT	19006004
target_verse	mapping	missing_verse	GLT	19006005
target_verse	mapping	missing_verse	GLT	19006006
target_verse	mapping	missing_verse	GLT	19006007
target_verse	mapping	missing_verse	GLT	19006008
target_verse	mapping	missing_verse	GLT	19006009
target_verse	mapping	missing_verse	GLT	19006010
target_verse	mapping	missing_verse	GLT	19007000
target_verse	mapping	missing_verse	GLT	19007001
target_verse	mapping	missing_verse	GLT	19007002
target_verse	mapping	missing_verse	GLT	19007003
target_verse	mapping	missing_verse	GLT	19007004
target_verse	mapping	missing_verse	GLT	19007005
target_verse	mapping	missing_verse	GLT	19007006
target_verse	mapping	missing_verse	GLT	19007007
target_verse	mapping	missing_verse	GLT	19007008
target_verse	mapping	missing_verse	GLT	19007009
target_verse	mapping	missing_verse	GLT	19007010
target_verse	mapping	missing_verse	GLT	19007011
target_verse	mapping	missing_verse	GLT	19007012
target_verse	mapping	missing_verse	GLT	19007013
target_verse	mapping	missing_verse	GLT	19007014
target_verse	mapping	missing_verse	GLT	19007015
target_verse	mapping	missing_verse	GLT	19007016
target_verse	mapping	missing_verse	GLT	19007017
target_verse	mapping	missing_verse	GLT	19008000
target_verse	mapping	missing_verse	GLT	19008001
target_verse	mapping	missing_verse	GLT	19008002
target_verse	mapping	missing_verse	GLT	19008003
target_verse	mapping	missing_verse	GLT	19008004
target_verse	mapping	missing_verse	GLT	19008005
target_verse	mapping	missing_verse	GLT	19008006
target_verse	mapping	missing_verse	GLT	19008007
target_verse	mapping	missing_verse	GLT	19008008
target_verse	mapping	missing_verse	GLT	19008009
target_verse	mapping	missing_verse	GLT	19009000
target_verse	mapping	missing_verse	GLT	19009001
target_verse	mapping	missing_verse	GLT	19009002
target_verse	mapping	missing_verse	GLT	19009003
target_verse	mapping	missing_verse	GLT	19009004
target_verse	mapping	missing_verse	GLT	19009005
target_verse	mapping	missing_verse	GLT	19009006
target_verse	mapping	missing_verse	GLT	19009007
target_verse	mapping	missing_verse	GLT	19009008
target_verse	mapping	missing_verse	GLT	19009009
target_verse	mapping	missing_verse	GLT	19009010
target_verse	mapping	missing_verse	GLT	19009011
target_verse	mapping	missing_verse	GLT	19009012
target_verse	mapping	missing_verse	GLT	19009013
target_verse	mapping	missing_verse	GLT	19009014
target_verse	mapping	missing_verse	GLT	19009015
target_verse	mapping	missing_verse	GLT	19009016
target_verse	mapping	missing_verse	GLT	19009017
target_verse	mapping	missing_verse	GLT	19009018
target_verse	mapping	missing_verse	GLT	19009019
target_verse	mapping	missing_verse	GLT	19009020
target_verse	mapping	missing_verse	GLT	19012000
target_verse	mapping	missing_verse	GLT	19012001
target_verse	mapping	missing_verse	GLT	19012002
target_verse	mapping	missing_verse	GLT	19012003
target_verse	mapping	missing_verse	GLT	19012004
target_verse	mapping	missing_verse	GLT	19012005
target_verse	mapping	missing_verse	GLT	19012006
target_verse	mapping	missing_verse	GLT	19012007
target_verse	mapping	missing_verse	GLT	19012008
target_verse	mapping	missing_verse	GLT	19013000
target_verse	mapping	missing_verse	GLT	19013001
target_verse	mapping	missing_verse	GLT	19013002
target_verse	mapping	missing_verse	GLT	19013003
target_verse	mapping	missing_verse	GLT	19013004
target_verse	mapping	missing_verse	GLT	19013005
target_verse	mapping	missing_verse	GLT	19018000
target_verse	mapping	missing_verse	GLT	19018001
target_verse	mapping	missing_verse	GLT	19018002
target_verse	mapping	missing_verse	GLT	19018003
target_verse	mapping	missing_verse	GLT	19018004
target_verse	mapping	missing_verse	GLT	19018005
target_verse	mapping	missing_verse	GLT	19018006
target_verse	mapping	missing_verse	GLT	19018007
target_verse	mapping	missing_verse	GLT	19018008
target_verse	mapping	missing_verse	GLT	19018009
target_verse	mapping	missing_verse	GLT	19018010
target_verse	mapping	missing_verse	GLT	19018011
target_verse	mapping	missing_verse	GLT	19018012
target_verse	mapping	missing_verse	GLT	19018013
target_verse	mapping	missing_verse	GLT	19018014
target_verse	mapping	missing_verse	GLT	19018015
target_verse	mapping	missing_verse	GLT	19018016
target_verse	mapping	missing_verse	GLT	19018017
target_verse	mapping	missing_verse	GLT	19018018
target_verse	mapping	missing_verse	GLT	19018019
target_verse	mapping	missing_verse	GLT	19018020
target_verse	mapping	missing_verse	GLT	19018021
target_verse	mapping	missing_verse	GLT	19018022
target_verse	mapping	missing_verse	GLT	19018023
target_verse	mapping	missing_verse	GLT	19018024
target_verse	mapping	missing_verse	GLT	19018025
target_verse	mapping	missing_verse	GLT	19018026
target_verse	mapping	missing_verse	GLT	19018027
target_verse	mapping	missing_verse	GLT	19018028
target_verse	mapping	missing_verse	GLT	19018029
target_verse	mapping	missing_verse	GLT	19018030
target_verse	mapping	missing_verse	GLT	19018031
target_verse	mapping	missing_verse	GLT	19018032
target_verse	mapping	missing_verse	GLT	19018033
target_verse	mapping	missing_verse	GLT	19018034
target_verse	mapping	missing_verse	GLT	19018035
target_verse	mapping	missing_verse	GLT	19018036
target_verse	mapping	missing_verse	GLT	19018037
target_verse	mapping	missing_verse	GLT	19018038
target_verse	mapping	missing_verse	GLT	19018039
target_verse	mapping	missing_verse	GLT	19018040
target_verse	mapping	missing_verse	GLT	19018041
target_verse	mapping	missing_verse	GLT	19018042
target_verse	mapping	missing_verse	GLT	19018043
target_verse	mapping	missing_verse	GLT	19018044
target_verse	mapping	missing_verse	GLT	19018045
target_verse	mapping	missing_verse	GLT	19018046
target_verse	mapping	missing_verse	GLT	19018047
target_verse	mapping	missing_verse	GLT	19018048
target_verse	mapping	missing_verse	GLT	19018049
target_verse	mapping	missing_verse	GLT	19018050
target_verse	mapping	missing_verse	GLT	19019000
target_verse	mapping	missing_verse	GLT	19019001
target_verse	mapping	missing_verse	GLT	19019002
target_verse	mapping	missing_verse	GLT	19019003
target_verse	mapping	missing_verse	GLT	19019004
target_verse	mapping	missing_verse	GLT	19019005
target_verse	mapping	missing_verse	GLT	19019006
target_verse	mapping	missing_verse	GLT	19019007
target_verse	mapping	missing_verse	GLT	19019008
target_verse	mapping	missing_verse	GLT	19019009
target_verse	mapping	missing_verse	GLT	19019010
target_verse	mapping	missing_verse	GLT	19019011
target_verse	mapping	missing_verse	GLT	19019012
target_verse	mapping	missing_verse	GLT	19019013
target_verse	mapping	missing_verse	GLT	19019014
target_verse	mapping	missing_verse	GLT	19020000
target_verse	mapping	missing_verse	GLT	19020001
target_verse	mapping	missing_verse	GLT	19020002
target_verse	mapping	missing_verse	GLT	19020003
target_verse	mapping	missing_verse	GLT	19020004
target_verse	mapping	missing_verse	GLT	19020005
target_verse	mapping	missing_verse	GLT	19020006
target_verse	mapping	missing_verse	GLT	19020007
target_verse	mapping	missing_verse	GLT	19020008
target_verse	mapping	missing_verse	GLT	19020009
target_verse	mapping	missing_verse	GLT	19021000
target_verse	mapping	missing_verse	GLT	19021001
target_verse	mapping	missing_verse	GLT	19021002
target_verse	mapping	missing_verse	GLT	19021003
target_verse	mapping	missing_verse	GLT	19021004
target_verse	mapping	missing_verse	GLT	19021005
target_verse	mapping	missing_verse	GLT	19021006
target_verse	mapping	missing_verse	GLT	19021007
target_verse	mapping	missing_verse	GLT	19021008
target_verse	mapping	missing_verse	GLT	19021009
target_verse	mapping	missing_verse	GLT	19021010
target_verse	mapping	missing_verse	GLT	19021011
target_verse	mapping	missing_verse	GLT	19021012
target_verse	mapping	missing_verse	GLT	19021013
target_verse	mapping	missing_verse	GLT	19022000
target_verse	mapping	missing_verse	GLT	19022001
target_verse	mapping	missing_verse	GLT	19022002
target_verse	mapping	missing_verse	GLT	19022003
target_verse	mapping	missing_verse	GLT	19022004
target_verse	mapping	missing_verse	GLT	19022005
target_verse	mapping	missing_verse	GLT	19022006
target_verse	mapping	missing_verse	GLT	19022007
target_verse	mapping	missing_verse	GLT	19022008
target_verse	mapping	missing_verse	GLT	19022009
target_verse	mapping	missing_verse	GLT	19022010
target_verse	mapping	missing_verse	GLT	19022011
target_verse	mapping	missing_verse	GLT	19022012
target_verse	mapping	missing_verse	GLT	19022013
target_verse	mapping	missing_verse	GLT	19022014
target_verse	mapping	missing_verse	GLT	19022015
target_verse	mapping	missing_verse	GLT	19022016
target_verse	mapping	missing_verse	GLT	19022017
target_verse	mapping	missing_verse	GLT	19022018
target_verse	mapping	missing_verse	GLT	19022019
target_verse	mapping	missing_verse	GLT	19022020
target_verse	mapping	missing_verse	GLT	19022021
target_verse	mapping	missing_verse	GLT	19022022
target_verse	mapping	missing_verse	GLT	19022023
target_verse	mapping	missing_verse	GLT	19022024
target_verse	mapping	missing_verse	GLT	19022025
target_verse	mapping	missing_verse	GLT	19022026
target_verse	mapping	missing_verse	GLT	19022027
target_verse	mapping	missing_verse	GLT	19022028
target_verse	mapping	missing_verse	GLT	19022029
target_verse	mapping	missing_verse	GLT	19022030
target_verse	mapping	missing_verse	GLT	19022031
target_verse	mapping	missing_verse	GLT	19030000
target_verse	mapping	missing_verse	GLT	19030001
target_verse	mapping	missing_verse	GLT	19030002
target_verse	mapping	missing_verse	GLT	19030003
target_verse	mapping	missing_verse	GLT	19030004
target_verse	mapping	missing_verse	GLT	19030005
target_verse	mapping	missing_verse	GLT	19030006
target_verse	mapping	missing_verse	GLT	19030007
target_verse	mapping	missing_verse	GLT	19030008
target_verse	mapping	missing_verse	GLT	19030009
target_verse	mapping	missing_verse	GLT	19030010
target_verse	mapping	missing_verse	GLT	19030011
target_verse	mapping	missing_verse	GLT	19030012
target_verse	mapping	missing_verse	GLT	19031000
target_verse	mapping	missing_verse	GLT	19031001
target_verse	mapping	missing_verse	GLT	19031002
target_verse	mapping	missing_verse	GLT	19031003
target_verse	mapping	missing_verse	GLT	19031004
target_verse	mapping	missing_verse	GLT	19031005
target_verse	mapping	missing_verse	GLT	19031006
target_verse	mapping	missing_verse	GLT	19031007
target_verse	mapping	missing_verse	GLT	19031008
target_verse	mapping	missing_verse	GLT	19031009
target_verse	mapping	missing_verse	GLT	19031010
target_verse	mapping	missing_verse	GLT	19031011
target_verse	mapping	missing_verse	GLT	19031012
target_verse	mapping	missing_verse	GLT	19031013
target_verse	mapping	missing_verse	GLT	19031014
target_verse	mapping	missing_verse	GLT	19031015
target_verse	mapping	missing_verse	GLT	19031016
target_verse	mapping	missing_verse	GLT	19031017
target_verse	mapping	missing_verse	GLT	19031018
target_verse	mapping	missing_verse	GLT	19031019
target_verse	mapping	missing_verse	GLT	19031020
target_verse	mapping	missing_verse	GLT	19031021
target_verse	mapping	missing_verse	GLT	19031022
target_verse	mapping	missing_verse	GLT	19031023
target_verse	mapping	missing_verse	GLT	19031024
target_verse	mapping	missing_verse	GLT	19034000
target_verse	mapping	missing_verse	GLT	19034001
target_verse	mapping	missing_verse	GLT	19034002
target_verse	mapping	missing_verse	GLT	19034003
target_verse	mapping	missing_verse	GLT	19034004
target_verse	mapping	missing_verse	GLT	19034005
target_verse	mapping	missing_verse	GLT	19034006
target_verse	mapping	missing_verse	GLT	19034007
target_verse	mapping	missing_verse	GLT	19034008
target_verse	mapping	missing_verse	GLT	19034009
target_verse	mapping	missing_verse	GLT	19034010
target_verse	mapping	missing_verse	GLT	19034011
target_verse	mapping	missing_verse	GLT	19034012
target_verse	mapping	missing_verse	GLT	19034013
target_verse	mapping	missing_verse	GLT	19034014
target_verse	mapping	missing_verse	GLT	19034015
target_verse	mapping	missing_verse	GLT	19034016
target_verse	mapping	missing_verse	GLT	19034017
target_verse	mapping	missing_verse	GLT	19034018
target_verse	mapping	missing_verse	GLT	19034019
target_verse	mapping	missing_verse	GLT	19034020
target_verse	mapping	missing_verse	GLT	19034021
target_verse	mapping	missing_verse	GLT	19034022
target_verse	mapping	missing_verse	GLT	19036000
target_verse	mapping	missing_verse	GLT	19036001
target_verse	mapping	missing_verse	GLT	19036002
target_verse	mapping	missing_verse	GLT	19036003
target_verse	mapping	missing_verse	GLT	19036004
target_verse	mapping	missing_verse	GLT	19036005
target_verse	mapping	missing_verse	GLT	19036006
target_verse	mapping	missing_verse	GLT	19036007
target_verse	mapping	missing_verse	GLT	19036008
target_verse	mapping	missing_verse	GLT	19036009
target_verse	mapping	missing_verse	GLT	19036010
target_verse	mapping	missing_verse	GLT	19036011
target_verse	mapping	missing_verse	GLT	19036012
target_verse	mapping	missing_verse	GLT	19038000
target_verse	mapping	missing_verse	GLT	19038001
target_verse	mapping	missing_verse	GLT	19038002
target_verse	mapping	missing_verse	GLT	19038003
target_verse	mapping	missing_verse	GLT	19038004
target_verse	mapping	missing_verse	GLT	19038005
target_verse	mapping	missing_verse	GLT	19038006
target_verse	mapping	missing_verse	GLT	19038007
target_verse	mapping	missing_verse	GLT	19038008
target_verse	mapping	missing_verse	GLT	19038009
target_verse	mapping	missing_verse	GLT	19038010
target_verse	mapping	missing_verse	GLT	19038011
target_verse	mapping	missing_verse	GLT	19038012
target_verse	mapping	missing_verse	GLT	19038013
target_verse	mapping	missing_verse	GLT	19038014
target_verse	mapping	missing_verse	GLT	19038015
target_verse	mapping	missing_verse	GLT	19038016
target_verse	mapping	missing_verse	GLT	19038017
target_verse	mapping	missing_verse	GLT	19038018
target_verse	mapping	missing_verse	GLT	19038019
target_verse	mapping	missing_verse	GLT	19038020
target_verse	mapping	missing_verse	GLT	19038021
target_verse	mapping	missing_verse	GLT	19038022
target_verse	mapping	missing_verse	GLT	19039000
target_verse	mapping	missing_verse	GLT	19039001
target_verse	mapping	missing_verse	GLT	19039002
target_verse	mapping	missing_verse	GLT	19039003
target_verse	mapping	missing_verse	GLT	19039004
target_verse	mapping	missing_verse	GLT	19039005
target_verse	mapping	missing_verse	GLT	19039006
target_verse	mapping	missing_verse	GLT	19039007
target_verse	mapping	missing_verse	GLT	19039008
target_verse	mapping	missing_verse	GLT	19039009
target_verse	mapping	missing_verse	GLT	19039010
target_verse	mapping	missing_verse	GLT	19039011
target_verse	mapping	missing_verse	GLT	19039012
target_verse	mapping	missing_verse	GLT	19039013
target_verse	mapping	missing_verse	GLT	19040000
target_verse	mapping	missing_verse	GLT	19040001
target_verse	mapping	missing_verse	GLT	19040002
target_verse	mapping	missing_verse	GLT	19040003
target_verse	mapping	missing_verse	GLT	19040004
target_verse	mapping	missing_verse	GLT	19040005
target_verse	mapping	missing_verse	GLT	19040006
target_verse	mapping	missing_verse	GLT	19040007
target_verse	mapping	missing_verse	GLT	19040008
target_verse	mapping	missing_verse	GLT	19040009
target_verse	mapping	missing_verse	GLT	19040010
target_verse	mapping	missing_verse	GLT	19040011
target_verse	mapping	missing_verse	GLT	19040012
target_verse	mapping	missing_verse	GLT	19040013
target_verse	mapping	missing_verse	GLT	19040014
target_verse	mapping	missing_verse	GLT	19040015
target_verse	mapping	missing_verse	GLT	19040016
target_verse	mapping	missing_verse	GLT	19040017
target_verse	mapping	missing_verse	GLT	19041000
target_verse	mapping	missing_verse	GLT	19041001
target_verse	mapping	missing_verse	GLT	19041002
target_verse	mapping	missing_verse	GLT	19041003
target_verse	mapping	missing_verse	GLT	19041004
target_verse	mapping	missing_verse	GLT	19041005
target_verse	mapping	missing_verse	GLT	19041006
target_verse	mapping	missing_verse	GLT	19041007
target_verse	mapping	missing_verse	GLT	19041008
target_verse	mapping	missing_verse	GLT	19041009
target_verse	mapping	missing_verse	GLT	19041010
target_verse	mapping	missing_verse	GLT	19041011
target_verse	mapping	missing_verse	GLT	19041012
target_verse	mapping	missing_verse	GLT	19041013
target_verse	mapping	missing_verse	GLT	19042000
target_verse	mapping	missing_verse	GLT	19042001
target_verse	mapping	missing_verse	GLT	19042002
target_verse	mapping	missing_verse	GLT	19042003
target_verse	mapping	missing_verse	GLT	19042004
target_verse	mapping	missing_verse	GLT	19042005
target_verse	mapping	missing_verse	GLT	19042006
target_verse	mapping	missing_verse	GLT	19042007
target_verse	mapping	missing_verse	GLT	19042008
target_verse	mapping	missing_verse	GLT	19042009
target_verse	mapping	missing_verse	GLT	19042010
target_verse	mapping	missing_verse	GLT	19042011
target_verse	mapping	missing_verse	GLT	19044000
target_verse	mapping	missing_verse	GLT	19044001
target_verse	mapping	missing_verse	GLT	19044002
target_verse	mapping	missing_verse	GLT	19044003
target_verse	mapping	missing_verse	GLT	19044004
target_verse	mapping	missing_verse	GLT	19044005
target_verse	mapping	missing_verse	GLT	19044006
target_verse	mapping	missing_verse	GLT	19044007
target_verse	mapping	missing_verse	GLT	19044008
target_verse	mapping	missing_verse	GLT	19044009
target_verse	mapping	missing_verse	GLT	19044010
target_verse	mapping	missing_verse	GLT	19044011
target_verse	mapping	missing_verse	GLT	19044012
target_verse	mapping	missing_verse	GLT	19044013
target_verse	mapping	missing_verse	GLT	19044014
target_verse	mapping	missing_verse	GLT	19044015
target_verse	mapping	missing_verse	GLT	19044016
target_verse	mapping	missing_verse	GLT	19044017
target_verse	mapping	missing_verse	GLT	19044018
target_verse	mapping	missing_verse	GLT	19044019
target_verse	mapping	missing_verse	GLT	19044020
target_verse	mapping	missing_verse	GLT	19044021
target_verse	mapping	missing_verse	GLT	19044022
target_verse	mapping	missing_verse	GLT	19044023
target_verse	mapping	missing_verse	GLT	19044024
target_verse	mapping	missing_verse	GLT	19044025
target_verse	mapping	missing_verse	GLT	19044026
target_verse	mapping	missing_verse	GLT	19045000
target_verse	mapping	missing_verse	GLT	19045001
target_verse	mapping	missing_verse	GLT	19045002
target_verse	mapping	missing_verse	GLT	19045003
target_verse	mapping	missing_verse	GLT	19045004
target_verse	mapping	missing_verse	GLT	19045005
target_verse	mapping	missing_verse	GLT	19045006
target_verse	mapping	missing_verse	GLT	19045007
target_verse	mapping	missing_verse	GLT	19045008
target_verse	mapping	missing_verse	GLT	19045009
target_verse	mapping	missing_verse	GLT	19045010
target_verse	mapping	missing_verse	GLT	19045011
target_verse	mapping	missing_verse	GLT	19045012
target_verse	mapping	missing_verse	GLT	19045013
target_verse	mapping	missing_verse	GLT	19045014
target_verse	mapping	missing_verse	GLT	19045015
target_verse	mapping	missing_verse	GLT	19045016
target_verse	mapping	missing_verse	GLT	19045017
target_verse	mapping	missing_verse	GLT	19046000
target_verse	mapping	missing_verse	GLT	19046001
target_verse	mapping	missing_verse	GLT	19046002
target_verse	mapping	missing_verse	GLT	19046003
target_verse	mapping	missing_verse	GLT	19046004
target_verse	mapping	missing_verse	GLT	19046005
target_verse	mapping	missing_verse	GLT	19046006
target_verse	mapping	missing_verse	GLT	19046007
target_verse	mapping	missing_verse	GLT	19046008
target_verse	mapping	missing_verse	GLT	19046009
target_verse	mapping	missing_verse	GLT	19046010
target_verse	mapping	missing_verse	GLT	19046011
target_verse	mapping	missing_verse	GLT	19047000
target_verse	mapping	missing_verse	GLT	19047001
target_verse	mapping	missing_verse	GLT	19047002
target_verse	mapping	missing_verse	GLT	19047003
target_verse	mapping	missing_verse	GLT	19047004
target_verse	mapping	missing_verse	GLT	19047005
target_verse	mapping	missing_verse	GLT	19047006
target_verse	mapping	missing_verse	GLT	19047007
target_verse	mapping	missing_verse	GLT	19047008
target_verse	mapping	missing_verse	GLT	19047009
target_verse	mapping	missing_verse	GLT	19048000
target_verse	mapping	missing_verse	GLT	19048001
target_verse	mapping	missing_verse	GLT	19048002
target_verse	mapping	missing_verse	GLT	19048003
target_verse	mapping	missing_verse	GLT	19048004
target_verse	mapping	missing_verse	GLT	19048005
target_verse	mapping	missing_verse	GLT	19048006
target_verse	mapping	missing_verse	GLT	19048007
target_verse	mapping	missing_verse	GLT	19048008
target_verse	mapping	missing_verse	GLT	19048009
target_verse	mapping	missing_verse	GLT	19048010
target_verse	mapping	missing_verse	GLT	19048011
target_verse	mapping	missing_verse	GLT	19048012
target_verse	mapping	missing_verse	GLT	19048013
target_verse	mapping	missing_verse	GLT	19048014
target_verse	mapping	missing_verse	GLT	19049000
target_verse	mapping	missing_verse	GLT	19049001
target_verse	mapping	missing_verse	GLT	19049002
target_verse	mapping	missing_verse	GLT	19049003
target_verse	mapping	missing_verse	GLT	19049004
target_verse	mapping	missing_verse	GLT	19049005
target_verse	mapping	missing_verse	GLT	19049006
target_verse	mapping	missing_verse	GLT	19049007
target_verse	mapping	missing_verse	GLT	19049008
target_verse	mapping	missing_verse	GLT	19049009
target_verse	mapping	missing_verse	GLT	19049010
target_verse	mapping	missing_verse	GLT	19049011
target_verse	mapping	missing_verse	GLT	19049012
target_verse	mapping	missing_verse	GLT	19049013
target_verse	mapping	missing_verse	GLT	19049014
target_verse	mapping	missing_verse	GLT	19049015
target_verse	mapping	missing_verse	GLT	19049016
target_verse	mapping	missing_verse	GLT	19049017
target_verse	mapping	missing_verse	GLT	19049018
target_verse	mapping	missing_verse	GLT	19049019
target_verse	mapping	missing_verse	GLT	19049020
target_verse	mapping	missing_verse	GLT	19051000
target_verse	mapping	missing_verse	GLT	19051001
target_verse	mapping	missing_verse	GLT	19051002
target_verse	mapping	missing_verse	GLT	19051003
target_verse	mapping	missing_verse	GLT	19051004
target_verse	mapping	missing_verse	GLT	19051005
target_verse	mapping	missing_verse	GLT	19051006
target_verse	mapping	missing_verse	GLT	19051007
target_verse	mapping	missing_verse	GLT	19051008
target_verse	mapping	missing_verse	GLT	19051009
target_verse	mapping	missing_verse	GLT	19051010
target_verse	mapping	missing_verse	GLT	19051011
target_verse	mapping	missing_verse	GLT	19051012
target_verse	mapping	missing_verse	GLT	19051013
target_verse	mapping	missing_verse	GLT	19051014
target_verse	mapping	missing_verse	GLT	19051015
target_verse	mapping	missing_verse	GLT	19051016
target_verse	mapping	missing_verse	GLT	19051017
target_verse	mapping	missing_verse	GLT	19051018
target_verse	mapping	missing_verse	GLT	19051019
target_verse	mapping	missing_verse	GLT	19052000
target_verse	mapping	missing_verse	GLT	19052001
target_verse	mapping	missing_verse	GLT	19052002
target_verse	mapping	missing_verse	GLT	19052003
target_verse	mapping	missing_verse	GLT	19052004
target_verse	mapping	missing_verse	GLT	19052005
target_verse	mapping	missing_verse	GLT	19052006
target_verse	mapping	missing_verse	GLT	19052007
target_verse	mapping	missing_verse	GLT	19052008
target_verse	mapping	missing_verse	GLT	19052009
target_verse	mapping	missing_verse	GLT	19053000
target_verse	mapping	missing_verse	GLT	19053001
target_verse	mapping	missing_verse	GLT	19053002
target_verse	mapping	missing_verse	GLT	19053003
target_verse	mapping	missing_verse	GLT	19053004
target_verse	mapping	missing_verse	GLT	19053005
target_verse	mapping	missing_verse	GLT	19053006
target_verse	mapping	missing_verse	GLT	19054000
target_verse	mapping	missing_verse	GLT	19054001
target_verse	mapping	missing_verse	GLT	19054002
target_verse	mapping	missing_verse	GLT	19054003
target_verse	mapping	missing_verse	GLT	19054004
target_verse	mapping	missing_verse	GLT	19054005
target_verse	mapping	missing_verse	GLT	19054006
target_verse	mapping	missing_verse	GLT	19054007
target_verse	mapping	missing_verse	GLT	19055000
target_verse	mapping	missing_verse	GLT	19055001
target_verse	mapping	missing_verse	GLT	19055002
target_verse	mapping	missing_verse	GLT	19055003
target_verse	mapping	missing_verse	GLT	19055004
target_verse	mapping	missing_verse	GLT	19055005
target_verse	mapping	missing_verse	GLT	19055006
target_verse	mapping	missing_verse	GLT	19055007
target_verse	mapping	missing_verse	GLT	19055008
target_verse	mapping	missing_verse	GLT	19055009
target_verse	mapping	missing_verse	GLT	19055010
target_verse	mapping	missing_verse	GLT	19055011
target_verse	mapping	missing_verse	GLT	19055012
target_verse	mapping	missing_verse	GLT	19055013
target_verse	mapping	missing_verse	GLT	19055014
target_verse	mapping	missing_verse	GLT	19055015
target_verse	mapping	missing_verse	GLT	19055016
target_verse	mapping	missing_verse	GLT	19055017
target_verse	mapping	missing_verse	GLT	19055018
target_verse	mapping	missing_verse	GLT	19055019
target_verse	mapping	missing_verse	GLT	19055020
target_verse	mapping	missing_verse	GLT	19055021
target_verse	mapping	missing_verse	GLT	19055022
target_verse	mapping	missing_verse	GLT	19055023
target_verse	mapping	missing_verse	GLT	19056000
target_verse	mapping	missing_verse	GLT	19056001
target_verse	mapping	missing_verse	GLT	19056002
target_verse	mapping	missing_verse	GLT	19056003
target_verse	mapping	missing_verse	GLT	19056004
target_verse	mapping	missing_verse	GLT	19056005
target_verse	mapping	missing_verse	GLT	19056006
target_verse	mapping	missing_verse	GLT	19056007
target_verse	mapping	missing_verse	GLT	19056008
target_verse	mapping	missing_verse	GLT	19056009
target_verse	mapping	missing_verse	GLT	19056010
target_verse	mapping	missing_verse	GLT	19056011
target_verse	mapping	missing_verse	GLT	19056012
target_verse	mapping	missing_verse	GLT	19056013
target_verse	mapping	missing_verse	GLT	19057000
target_verse	mapping	missing_verse	GLT	19057001
target_verse	mapping	missing_verse	GLT	19057002
target_verse	mapping	missing_verse	GLT	19057003
target_verse	mapping	missing_verse	GLT	19057004
target_verse	mapping	missing_verse	GLT	19057005
target_verse	mapping	missing_verse	GLT	19057006
target_verse	mapping	missing_verse	GLT	19057007
target_verse	mapping	missing_verse	GLT	19057008
target_verse	mapping	missing_verse	GLT	19057009
target_verse	mapping	missing_verse	GLT	19057010
target_verse	mapping	missing_verse	GLT	19057011
target_verse	mapping	missing_verse	GLT	19058000
target_verse	mapping	missing_verse	GLT	19058001
target_verse	mapping	missing_verse	GLT	19058002
target_verse	mapping	missing_verse	GLT	19058003
target_verse	mapping	missing_verse	GLT	19058004
target_verse	mapping	missing_verse	GLT	19058005
target_verse	mapping	missing_verse	GLT	19058006
target_verse	mapping	missing_verse	GLT	19058007
target_verse	mapping	missing_verse	GLT	19058008
target_verse	mapping	missing_verse	GLT	19058009
target_verse	mapping	missing_verse	GLT	19058010
target_verse	mapping	missing_verse	GLT	19058011
target_verse	mapping	missing_verse	GLT	19059000
target_verse	mapping	missing_verse	GLT	19059001
target_verse	mapping	missing_verse	GLT	19059002
target_verse	mapping	missing_verse	GLT	19059003
target_verse	mapping	missing_verse	GLT	19059004
target_verse	mapping	missing_verse	GLT	19059005
target_verse	mapping	missing_verse	GLT	19059006
target_verse	mapping	missing_verse	GLT	19059007
target_verse	mapping	missing_verse	GLT	19059008
target_verse	mapping	missing_verse	GLT	19059009
target_verse	mapping	missing_verse	GLT	19059010
target_verse	mapping	missing_verse	GLT	19059011
target_verse	mapping	missing_verse	GLT	19059012
target_verse	mapping	missing_verse	GLT	19059013
target_verse	mapping	missing_verse	GLT	19059014
target_verse	mapping	missing_verse	GLT	19059015
target_verse	mapping	missing_verse	GLT	19059016
target_verse	mapping	missing_verse	GLT	19059017
target_verse	mapping	missing_verse	GLT	19060000
target_verse	mapping	missing_verse	GLT	19060001
target_verse	mapping	missing_verse	GLT	19060002
target_verse	mapping	missing_verse	GLT	19060003
target_verse	mapping	missing_verse	GLT	19060004
target_verse	mapping	missing_verse	GLT	19060005
target_verse	mapping	missing_verse	GLT	19060006
target_verse	mapping	missing_verse	GLT	19060007
target_verse	mapping	missing_verse	GLT	19060008
target_verse	mapping	missing_verse	GLT	19060009
target_verse	mapping	missing_verse	GLT	19060010
target_verse	mapping	missing_verse	GLT	19060011
target_verse	mapping	missing_verse	GLT	19060012
target_verse	mapping	missing_verse	GLT	19061000
target_verse	mapping	missing_verse	GLT	19061001
target_verse	mapping	missing_verse	GLT	19061002
target_verse	mapping	missing_verse	GLT	19061003
target_verse	mapping	missing_verse	GLT	19061004
target_verse	mapping	missing_verse	GLT	19061005
target_verse	mapping	missing_verse	GLT	19061006
target_verse	mapping	missing_verse	GLT	19061007
target_verse	mapping	missing_verse	GLT	19061008
target_verse	mapping	missing_verse	GLT	19062000
target_verse	mapping	missing_verse	GLT	19062001
target_verse	mapping	missing_verse	GLT	19062002
target_verse	mapping	missing_verse	GLT	19062003
target_verse	mapping	missing_verse	GLT	19062004
target_verse	mapping	missing_verse	GLT	19062005
target_verse	mapping	missing_verse	GLT	19062006
target_verse	mapping	missing_verse	GLT	19062007
target_verse	mapping	missing_verse	GLT	19062008
target_verse	mapping	missing_verse	GLT	19062009
target_verse	mapping	missing_verse	GLT	19062010
target_verse	mapping	missing_verse	GLT	19062011
target_verse	mapping	missing_verse	GLT	19062012
target_verse	mapping	missing_verse	GLT	19063000
target_verse	mapping	missing_verse	GLT	19063001
target_verse	mapping	missing_verse	GLT	19063002
target_verse	mapping	missing_verse	GLT	19063003
target_verse	mapping	missing_verse	GLT	19063004
target_verse	mapping	missing_verse	GLT	19063005
target_verse	mapping	missing_verse	GLT	19063006
target_verse	mapping	missing_verse	GLT	19063007
target_verse	mapping	missing_verse	GLT	19063008
target_verse	mapping	missing_verse	GLT	19063009
target_verse	mapping	missing_verse	GLT	19063010
target_verse	mapping	missing_verse	GLT	19063011
target_verse	mapping	missing_verse	GLT	19064000
target_verse	mapping	missing_verse	GLT	19064001
target_verse	mapping	missing_verse	GLT	19064002
target_verse	mapping	missing_verse	GLT	19064003
target_verse	mapping	missing_verse	GLT	19064004
target_verse	mapping	missing_verse	GLT	19064005
target_verse	mapping	missing_verse	GLT	19064006
target_verse	mapping	missing_verse	GLT	19064007
target_verse	mapping	missing_verse	GLT	19064008
target_verse	mapping	missing_verse	GLT	19064009
target_verse	mapping	missing_verse	GLT	19064010
target_verse	mapping	missing_verse	GLT	19065000
target_verse	mapping	missing_verse	GLT	19065001
target_verse	mapping	missing_verse	GLT	19065002
target_verse	mapping	missing_verse	GLT	19065003
target_verse	mapping	missing_verse	GLT	19065004
target_verse	mapping	missing_verse	GLT	19065005
target_verse	mapping	missing_verse	GLT	19065006
target_verse	mapping	missing_verse	GLT	19065007
target_verse	mapping	missing_verse	GLT	19065008
target_verse	mapping	missing_verse	GLT	19065009
target_verse	mapping	missing_verse	GLT	19065010
target_verse	mapping	missing_verse	GLT	19065011
target_verse	mapping	missing_verse	GLT	19065012
target_verse	mapping	missing_verse	GLT	19065013
target_verse	mapping	missing_verse	GLT	19067000
target_verse	mapping	missing_verse	GLT	19067001
target_verse	mapping	missing_verse	GLT	19067002
target_verse	mapping	missing_verse	GLT	19067003
target_verse	mapping	missing_verse	GLT	19067004
target_verse	mapping	missing_verse	GLT	19067005
target_verse	mapping	missing_verse	GLT	19067006
target_verse	mapping	missing_verse	GLT	19067007
target_verse	mapping	missing_verse	GLT	19068000
target_verse	mapping	missing_verse	GLT	19068001
target_verse	mapping	missing_verse	GLT	19068002
target_verse	mapping	missing_verse	GLT	19068003
target_verse	mapping	missing_verse	GLT	19068004
target_verse	mapping	missing_verse	GLT	19068005
target_verse	mapping	missing_verse	GLT	19068006
target_verse	mapping	missing_verse	GLT	19068007
target_verse	mapping	missing_verse	GLT	19068008
target_verse	mapping	missing_verse	GLT	19068009
target_verse	mapping	missing_verse	GLT	19068010
target_verse	mapping	missing_verse	GLT	19068011
target_verse	mapping	missing_verse	GLT	19068012
target_verse	mapping	missing_verse	GLT	19068013
target_verse	mapping	missing_verse	GLT	19068014
target_verse	mapping	missing_verse	GLT	19068015
target_verse	mapping	missing_verse	GLT	19068016
target_verse	mapping	missing_verse	GLT	19068017
target_verse	mapping	missing_verse	GLT	19068018
target_verse	mapping	missing_verse	GLT	19068019
target_verse	mapping	missing_verse	GLT	19068020
target_verse	mapping	missing_verse	GLT	19068021
target_verse	mapping	missing_verse	GLT	19068022
target_verse	mapping	missing_verse	GLT	19068023
target_verse	mapping	missing_verse	GLT	19068024
target_verse	mapping	missing_verse	GLT	19068025
target_verse	mapping	missing_verse	GLT	19068026
target_verse	mapping	missing_verse	GLT	19068027
target_verse	mapping	missing_verse	GLT	19068028
target_verse	mapping	missing_verse	GLT	19068029
target_verse	mapping	missing_verse	GLT	19068030
target_verse	mapping	missing_verse	GLT	19068031
target_verse	mapping	missing_verse	GLT	19068032
target_verse	mapping	missing_verse	GLT	19068033
target_verse	mapping	missing_verse	GLT	19068034
target_verse	mapping	missing_verse	GLT	19068035
target_verse	mapping	missing_verse	GLT	19069000
target_verse	mapping	missing_verse	GLT	19069001
target_verse	mapping	missing_verse	GLT	19069002
target_verse	mapping	missing_verse	GLT	19069003
target_verse	mapping	missing_verse	GLT	19069004
target_verse	mapping	missing_verse	GLT	19069005
target_verse	mapping	missing_verse	GLT	19069006
target_verse	mapping	missing_verse	GLT	19069007
target_verse	mapping	missing_verse	GLT	19069008
target_verse	mapping	missing_verse	GLT	19069009
target_verse	mapping	missing_verse	GLT	19069010
target_verse	mapping	missing_verse	GLT	19069011
target_verse	mapping	missing_verse	GLT	19069012
target_verse	mapping	missing_verse	GLT	19069013
target_verse	mapping	missing_verse	GLT	19069014
target_verse	mapping	missing_verse	GLT	19069015
target_verse	mapping	missing_verse	GLT	19069016
target_verse	mapping	missing_verse	GLT	19069017
target_verse	mapping	missing_verse	GLT	19069018
target_verse	mapping	missing_verse	GLT	19069019
target_verse	mapping	missing_verse	GLT	19069020
target_verse	mapping	missing_verse	GLT	19069021
target_verse	mapping	missing_verse	GLT	19069022
target_verse	mapping	missing_verse	GLT	19069023
target_verse	mapping	missing_verse	GLT	19069024
target_verse	mapping	missing_verse	GLT	19069025
target_verse	mapping	missing_verse	GLT	19069026
target_verse	mapping	missing_verse	GLT	19069027
target_verse	mapping	missing_verse	GLT	19069028
target_verse	mapping	missing_verse	GLT	19069029
target_verse	mapping	missing_verse	GLT	19069030
target_verse	mapping	missing_verse	GLT	19069031
target_verse	mapping	missing_verse	GLT	19069032
target_verse	mapping	missing_verse	GLT	19069033
target_verse	mapping	missing_verse	GLT	19069034
target_verse	mapping	missing_verse	GLT	19069035
target_verse	mapping	missing_verse	GLT	19069036
target_verse	mapping	missing_verse	GLT	19070000
target_verse	mapping	missing_verse	GLT	19070001
target_verse	mapping	missing_verse	GLT	19070002
target_verse	mapping	missing_verse	GLT	19070003
target_verse	mapping	missing_verse	GLT	19070004
target_verse	mapping	missing_verse	GLT	19070005
target_verse	mapping	missing_verse	GLT	19075000
target_verse	mapping	missing_verse	GLT	19075001
target_verse	mapping	missing_verse	GLT	19075002
target_verse	mapping	missing_verse	GLT	19075003
target_verse	mapping	missing_verse	GLT	19075004
target_verse	mapping	missing_verse	GLT	19075005
target_verse	mapping	missing_verse	GLT	19075006
target_verse	mapping	missing_verse	GLT	19075007
target_verse	mapping	missing_verse	GLT	19075008
target_verse	mapping	missing_verse	GLT	19075009
target_verse	mapping	missing_verse	GLT	19075010
target_verse	mapping	missing_verse	GLT	19076000
target_verse	mapping	missing_verse	GLT	19076001
target_verse	mapping	missing_verse	GLT	19076002
target_verse	mapping	missing_verse	GLT	19076003
target_verse	mapping	missing_verse	GLT	19076004
target_verse	mapping	missing_verse	GLT	19076005
target_verse	mapping	missing_verse	GLT	19076006
target_verse	mapping	missing_verse	GLT	19076007
target_verse	mapping	missing_verse	GLT	19076008
target_verse	mapping	missing_verse	GLT	19076009
target_verse	mapping	missing_verse	GLT	19076010
target_verse	mapping	missing_verse	GLT	19076011
target_verse	mapping	missing_verse	GLT	19076012
target_verse	mapping	missing_verse	GLT	19077000
target_verse	mapping	missing_verse	GLT	19077001
target_verse	mapping	missing_verse	GLT	19077002
target_verse	mapping	missing_verse	GLT	19077003
target_verse	mapping	missing_verse	GLT	19077004
target_verse	mapping	missing_verse	GLT	19077005
target_verse	mapping	missing_verse	GLT	19077006
target_verse	mapping	missing_verse	GLT	19077007
target_verse	mapping	missing_verse	GLT	19077008
target_verse	mapping	missing_verse	GLT	19077009
target_verse	mapping	missing_verse	GLT	19077010
target_verse	mapping	missing_verse	GLT	19077011
target_verse	mapping	missing_verse	GLT	19077012
target_verse	mapping	missing_verse	GLT	19077013
target_verse	mapping	missing_verse	GLT	19077014
target_verse	mapping	missing_verse	GLT	19077015
target_verse	mapping	missing_verse	GLT	19077016
target_verse	mapping	missing_verse	GLT	19077017
target_verse	mapping	missing_verse	GLT	19077018
target_verse	mapping	missing_verse	GLT	19077019
target_verse	mapping	missing_verse	GLT	19077020
target_verse	mapping	missing_verse	GLT	19080000
target_verse	mapping	missing_verse	GLT	19080001
target_verse	mapping	missing_verse	GLT	19080002
target_verse	mapping	missing_verse	GLT	19080003
target_verse	mapping	missing_verse	GLT	19080004
target_verse	mapping	missing_verse	GLT	19080005
target_verse	mapping	missing_verse	GLT	19080006
target_verse	mapping	missing_verse	GLT	19080007
target_verse	mapping	missing_verse	GLT	19080008
target_verse	mapping	missing_verse	GLT	19080009
target_verse	mapping	missing_verse	GLT	19080010
target_verse	mapping	missing_verse	GLT	19080011
target_verse	mapping	missing_verse	GLT	19080012
target_verse	mapping	missing_verse	GLT	19080013
target_verse	mapping	missing_verse	GLT	19080014
target_verse	mapping	missing_verse	GLT	19080015
target_verse	mapping	missing_verse	GLT	19080016
target_verse	mapping	missing_verse	GLT	19080017
target_verse	mapping	missing_verse	GLT	19080018
target_verse	mapping	missing_verse	GLT	19080019
target_verse	mapping	missing_verse	GLT	19081000
target_verse	mapping	missing_verse	GLT	19081001
target_verse	mapping	missing_verse	GLT	19081002
target_verse	mapping	missing_verse	GLT	19081003
target_verse	mapping	missing_verse	GLT	19081004
target_verse	mapping	missing_verse	GLT	19081005
target_verse	mapping	missing_verse	GLT	19081006
target_verse	mapping	missing_verse	GLT	19081007
target_verse	mapping	missing_verse	GLT	19081008
target_verse	mapping	missing_verse	GLT	19081009
target_verse	mapping	missing_verse	GLT	19081010
target_verse	mapping	missing_verse	GLT	19081011
target_verse	mapping	missing_verse	GLT	19081012
target_verse	mapping	missing_verse	GLT	19081013
target_verse	mapping	missing_verse	GLT	19081014
target_verse	mapping	missing_verse	GLT	19081015
target_verse	mapping	missing_verse	GLT	19081016
target_verse	mapping	missing_verse	GLT	19083000
target_verse	mapping	missing_verse	GLT	19083001
target_verse	mapping	missing_verse	GLT	19083002
target_verse	mapping	missing_verse	GLT	19083003
target_verse	mapping	missing_verse	GLT	19083004
target_verse	mapping	missing_verse	GLT	19083005
target_verse	mapping	missing_verse	GLT	19083006
target_verse	mapping	missing_verse	GLT	19083007
target_verse	mapping	missing_verse	GLT	19083008
target_verse	mapping	missing_verse	GLT	19083009
target_verse	mapping	missing_verse	GLT	19083010
target_verse	mapping	missing_verse	GLT	19083011
target_verse	mapping	missing_verse	GLT	19083012
target_verse	mapping	missing_verse	GLT	19083013
target_verse	mapping	missing_verse	GLT	19083014
target_verse	mapping	missing_verse	GLT	19083015
target_verse	mapping	missing_verse	GLT	19083016
target_verse	mapping	missing_verse	GLT	19083017
target_verse	mapping	missing_verse	GLT	19083018
target_verse	mapping	missing_verse	GLT	19084000
target_verse	mapping	missing_verse	GLT	19084001
target_verse	mapping	missing_verse	GLT	19084002
target_verse	mapping	missing_verse	GLT	19084003
target_verse	mapping	missing_verse	GLT	19084004
target_verse	mapping	missing_verse	GLT	19084005
target_verse	mapping	missing_verse	GLT	19084006
target_verse	mapping	missing_verse	GLT	19084007
target_verse	mapping	missing_verse	GLT	19084008
target_verse	mapping	missing_verse	GLT	19084009
target_verse	mapping	missing_verse	GLT	19084010
target_verse	mapping	missing_verse	GLT	19084011
target_verse	mapping	missing_verse	GLT	19084012
target_verse	mapping	missing_verse	GLT	19085000
target_verse	mapping	missing_verse	GLT	19085001
target_verse	mapping	missing_verse	GLT	19085002
target_verse	mapping	missing_verse	GLT	19085003
target_verse	mapping	missing_verse	GLT	19085004
target_verse	mapping	missing_verse	GLT	19085005
target_verse	mapping	missing_verse	GLT	19085006
target_verse	mapping	missing_verse	GLT	19085007
target_verse	mapping	missing_verse	GLT	19085008
target_verse	mapping	missing_verse	GLT	19085009
target_verse	mapping	missing_verse	GLT	19085010
target_verse	mapping	missing_verse	GLT	19085011
target_verse	mapping	missing_verse	GLT	19085012
target_verse	mapping	missing_verse	GLT	19085013
target_verse	mapping	missing_verse	GLT	19088000
target_verse	mapping	missing_verse	GLT	19088001
target_verse	mapping	missing_verse	GLT	19088002
target_verse	mapping	missing_verse	GLT	19088003
target_verse	mapping	missing_verse	GLT	19088004
target_verse	mapping	missing_verse	GLT	19088005
target_verse	mapping	missing_verse	GLT	19088006
target_verse	mapping	missing_verse	GLT	19088007
target_verse	mapping	missing_verse	GLT	19088008
target_verse	mapping	missing_verse	GLT	19088009
target_verse	mapping	missing_verse	GLT	19088010
target_verse	mapping	missing_verse	GLT	19088011
target_verse	mapping	missing_verse	GLT	19088012
target_verse	mapping	missing_verse	GLT	19088013
target_verse	mapping	missing_verse	GLT	19088014
target_verse	mapping	missing_verse	GLT	19088015
target_verse	mapping	missing_verse	GLT	19088016
target_verse	mapping	missing_verse	GLT	19088017
target_verse	mapping	missing_verse	GLT	19088018
target_verse	mapping	missing_verse	GLT	19089000
target_verse	mapping	missing_verse	GLT	19089001
target_verse	mapping	missing_verse	GLT	19089002
target_verse	mapping	missing_verse	GLT	19089003
target_verse	mapping	missing_verse	GLT	19089004
target_verse	mapping	missing_verse	GLT	19089005
target_verse	mapping	missing_verse	GLT	19089006
target_verse	mapping	missing_verse	GLT	19089007
target_verse	mapping	missing_verse	GLT	19089008
target_verse	mapping	missing_verse	GLT	19089009
target_verse	mapping	missing_verse	GLT	19089010
target_verse	mapping	missing_verse	GLT	19089011
target_verse	mapping	missing_verse	GLT	19089012
target_verse	mapping	missing_verse	GLT	19089013
target_verse	mapping	missing_verse	GLT	19089014
target_verse	mapping	missing_verse	GLT	19089015
target_verse	mapping	missing_verse	GLT	19089016
target_verse	mapping	missing_verse	GLT	19089017
target_verse	mapping	missing_verse	GLT	19089018
target_verse	mapping	missing_verse	GLT	19089019
target_verse	mapping	missing_verse	GLT	19089020
target_verse	mapping	missing_verse	GLT	19089021
target_verse	mapping	missing_verse	GLT	19089022
target_verse	mapping	missing_verse	GLT	19089023
target_verse	mapping	missing_verse	GLT	19089024
target_verse	mapping	missing_verse	GLT	19089025
target_verse	mapping	missing_verse	GLT	19089026
target_verse	mapping	missing_verse	GLT	19089027
target_verse	mapping	missing_verse	GLT	19089028
target_verse	mapping	missing_verse	GLT	19089029
target_verse	mapping	missing_verse	GLT	19089030
target_verse	mapping	missing_verse	GLT	19089031
target_verse	mapping	missing_verse	GLT	19089032
target_verse	mapping	missing_verse	GLT	19089033
target_verse	mapping	missing_verse	GLT	19089034
target_verse	mapping	missing_verse	GLT	19089035
target_verse	mapping	missing_verse	GLT	19089036
target_verse	mapping	missing_verse	GLT	19089037
target_verse	mapping	missing_verse	GLT	19089038
target_verse	mapping	missing_verse	GLT	19089039
target_verse	mapping	missing_verse	GLT	19089040
target_verse	mapping	missing_verse	GLT	19089041
target_verse	mapping	missing_verse	GLT	19089042
target_verse	mapping	missing_verse	GLT	19089043
target_verse	mapping	missing_verse	GLT	19089044
target_verse	mapping	missing_verse	GLT	19089045
target_verse	mapping	missing_verse	GLT	19089046
target_verse	mapping	missing_verse	GLT	19089047
target_verse	mapping	missing_verse	GLT	19089048
target_verse	mapping	missing_verse	GLT	19089049
target_verse	mapping	missing_verse	GLT	19089050
target_verse	mapping	missing_verse	GLT	19089051
target_verse	mapping	missing_verse	GLT	19089052
target_verse	mapping	missing_verse	GLT	19092000
target_verse	mapping	missing_verse	GLT	19092001
target_verse	mapping	missing_verse	GLT	19092002
target_verse	mapping	missing_verse	GLT	19092003
target_verse	mapping	missing_verse	GLT	19092004
target_verse	mapping	missing_verse	GLT	19092005
target_verse	mapping	missing_verse	GLT	19092006
target_verse	mapping	missing_verse	GLT	19092007
target_verse	mapping	missing_verse	GLT	19092008
target_verse	mapping	missing_verse	GLT	19092009
target_verse	mapping	missing_verse	GLT	19092010
target_verse	mapping	missing_verse	GLT	19092011
target_verse	mapping	missing_verse	GLT	19092012
target_verse	mapping	missing_verse	GLT	19092013
target_verse	mapping	missing_verse	GLT	19092014
target_verse	mapping	missing_verse	GLT	19092015
target_verse	mapping	missing_verse	GLT	19102000
target_verse	mapping	missing_verse	GLT	19102001
target_verse	mapping	missing_verse	GLT	19102002
target_verse	mapping	missing_verse	GLT	19102003
target_verse	mapping	missing_verse	GLT	19102004
target_verse	mapping	missing_verse	GLT	19102005
target_verse	mapping	missing_verse	GLT	19102006
target_verse	mapping	missing_verse	GLT	19102007
target_verse	mapping	missing_verse	GLT	19102008
target_verse	mapping	missing_verse	GLT	19102009
target_verse	mapping	missing_verse	GLT	19102010
target_verse	mapping	missing_verse	GLT	19102011
target_verse	mapping	missing_verse	GLT	19102012
target_verse	mapping	missing_verse	GLT	19102013
target_verse	mapping	missing_verse	GLT	19102014
target_verse	mapping	missing_verse	GLT	19102015
target_verse	mapping	missing_verse	GLT	19102016
target_verse	mapping	missing_verse	GLT	19102017
target_verse	mapping	missing_verse	GLT	19102018
target_verse	mapping	missing_verse	GLT	19102019
target_verse	mapping	missing_verse	GLT	19102020
target_verse	mapping	missing_verse	GLT	19102021
target_verse	mapping	missing_verse	GLT	19102022
target_verse	mapping	missing_verse	GLT	19102023
target_verse	mapping	missing_verse	GLT	19102024
target_verse	mapping	missing_verse	GLT	19102025
target_verse	mapping	missing_verse	GLT	19102026
target_verse	mapping	missing_verse	GLT	19102027
target_verse	mapping	missing_verse	GLT	19102028
target_verse	mapping	missing_verse	GLT	19108000
target_verse	mapping	missing_verse	GLT	19108001
target_verse	mapping	missing_verse	GLT	19108002
target_verse	mapping	missing_verse	GLT	19108003
target_verse	mapping	missing_verse	GLT	19108004
target_verse	mapping	missing_verse	GLT	19108005
target_verse	mapping	missing_verse	GLT	19108006
target_verse	mapping	missing_verse	GLT	19108007
target_verse	mapping	missing_verse	GLT	19108008
target_verse	mapping	missing_verse	GLT	19108009
target_verse	mapping	missing_verse	GLT	19108010
target_verse	mapping	missing_verse	GLT	19108011
target_verse	mapping	missing_verse	GLT	19108012
target_verse	mapping	missing_verse	GLT	19108013
target_verse	mapping	missing_verse	GLT	19140000
target_verse	mapping	missing_verse	GLT	19140001
target_verse	mapping	missing_verse	GLT	19140002
target_verse	mapping	missing_verse	GLT	19140003
target_verse	mapping	missing_verse	GLT	19140004
target_verse	mapping	missing_verse	GLT	19140005
target_verse	mapping	missing_verse	GLT	19140006
target_verse	mapping	missing_verse	GLT	19140007
target_verse	mapping	missing_verse	GLT	19140008
target_verse	mapping	missing_verse	GLT	19140009
target_verse	mapping	missing_verse	GLT	19140010
target_verse	mapping	missing_verse	GLT	19140011
target_verse	mapping	missing_verse	GLT	19140012
target_verse	mapping	missing_verse	GLT	19140013
target_verse	mapping	missing_verse	GLT	19142000
target_verse	mapping	missing_verse	GLT	19142001
target_verse	mapping	missing_verse	GLT	19142002
target_verse	mapping	missing_verse	GLT	19142003
target_verse	mapping	missing_verse	GLT	19142004
target_verse	mapping	missing_verse	GLT	19142005
target_verse	mapping	missing_verse	GLT	19142006
target_verse	mapping	missing_verse	GLT	19142007
target_verse	mapping	missing_verse	GLT	21005001
target_verse	mapping	missing_verse	GLT	21005002
target_verse	mapping	missing_verse	GLT	21005003
target_verse	mapping	missing_verse	GLT	21005004
target_verse	mapping	missing_verse	GLT	21005005
target_verse	mapping	missing_verse	GLT	21005006
target_verse	mapping	missing_verse	GLT	21005007
target_verse	mapping	missing_verse	GLT	21005008
target_verse	mapping	missing_verse	GLT	21005009
target_verse	mapping	missing_verse	GLT	21005010
target_verse	mapping	missing_verse	GLT	21005011
target_verse	mapping	missing_verse	GLT	21005012
target_verse	mapping	missing_verse	GLT	21005013
target_verse	mapping	missing_verse	GLT	21005014
target_verse	mapping	missing_verse	GLT	21005015
target_verse	mapping	missing_verse	GLT	21005016
target_verse	mapping	missing_verse	GLT	21005017
target_verse	mapping	missing_verse	GLT	21005018
target_verse	mapping	missing_verse	GLT	21005019
target_verse	mapping	missing_verse	GLT	21005020
target_verse	mapping	missing_verse	GLT	22006013
target_verse	mapping	missing_verse	GLT	22007001
target_verse	mapping	missing_verse	GLT	22007002
target_verse	mapping	missing_verse	GLT	22007003
target_verse	mapping	missing_verse	GLT	22007004
target_verse	mapping	missing_verse	GLT	22007005
target_verse	mapping	missing_verse	GLT	22007006
target_verse	mapping	missing_verse	GLT	22007007
target_verse	mapping	missing_verse	GLT	22007008
target_verse	mapping	missing_verse	GLT	22007009
target_verse	mapping	missing_verse	GLT	22007010
target_verse	mapping	missing_verse	GLT	22007011
target_verse	mapping	missing_verse	GLT	22007012
target_verse	mapping	missing_verse	GLT	22007013
target_verse	mapping	missing_verse	GLT	23009001
target_verse	mapping	missing_verse	GLT	23009002
target_verse	mapping	missing_verse	GLT	23009003
target_verse	mapping	missing_verse	GLT	23009004
target_verse	mapping	missing_verse	GLT	23009005
target_verse	mapping	missing_verse	GLT	23009006
target_verse	mapping	missing_verse	GLT	23009007
target_verse	mapping	missing_verse	GLT	23009008
target_verse	mapping	missing_verse	GLT	23009009
target_verse	mapping	missing_verse	GLT	23009010
target_verse	mapping	missing_verse	GLT	23009011
target_verse	mapping	missing_verse	GLT	23009012
target_verse	mapping	missing_verse	GLT	23009013
target_verse	mapping	missing_verse	GLT	23009014
target_verse	mapping	missing_verse	GLT	23009015
target_verse	mapping	missing_verse	GLT	23009016
target_verse	mapping	missing_verse	GLT	23009017
target_verse	mapping	missing_verse	GLT	23009018
target_verse	mapping	missing_verse	GLT	23009019
target_verse	mapping	missing_verse	GLT	23009020
target_verse	mapping	missing_verse	GLT	23009021
target_verse	mapping	missing_verse	GLT	23064002
target_verse	mapping	missing_verse	GLT	23064003
target_verse	mapping	missing_verse	GLT	23064004
target_verse	mapping	missing_verse	GLT	23064005
target_verse	mapping	missing_verse	GLT	23064006
target_verse	mapping	missing_verse	GLT	23064007
target_verse	mapping	missing_verse	GLT	23064008
target_verse	mapping	missing_verse	GLT	23064009
target_verse	mapping	missing_verse	GLT	23064010
target_verse	mapping	missing_verse	GLT	23064011
target_verse	mapping	missing_verse	GLT	23064012
target_verse	mapping	missing_verse	GLT	24009001
target_verse	mapping	missing_verse	GLT	24009002
target_verse	mapping	missing_verse	GLT	24009003
target_verse	mapping	missing_verse	GLT	24009004
target_verse	mapping	missing_verse	GLT	24009005
target_verse	mapping	missing_verse	GLT	24009006
target_verse	mapping	missing_verse	GLT	24009007
target_verse	mapping	missing_verse	GLT	24009008
target_verse	mapping	missing_verse	GLT	24009009
target_verse	mapping	missing_verse	GLT	24009010
target_verse	mapping	missing_verse	GLT	24009011
target_verse	mapping	missing_verse	GLT	24009012
target_verse	mapping	missing_verse	GLT	24009013
target_verse	mapping	missing_verse	GLT	24009014
target_verse	mapping	missing_verse	GLT	24009015
target_verse	mapping	missing_verse	GLT	24009016
target_verse	mapping	missing_verse	GLT	24009017
target_verse	mapping	missing_verse	GLT	24009018
target_verse	mapping	missing_verse	GLT	24009019
target_verse	mapping	missing_verse	GLT	24009020
target_verse	mapping	missing_verse	GLT	24009021
target_verse	mapping	missing_verse	GLT	24009022
target_verse	mapping	missing_verse	GLT	24009023
target_verse	mapping	missing_verse	GLT	24009024
target_verse	mapping	missing_verse	GLT	24009025
target_verse	mapping	missing_verse	GLT	24009026
target_verse	mapping	missing_verse	GLT	26020045
target_verse	mapping	missing_verse	GLT	26020046
target_verse	mapping	missing_verse	GLT	26020047
target_verse	mapping	missing_verse	GLT	26020048
target_verse	mapping	missing_verse	GLT	26020049
target_verse	mapping	missing_verse	GLT	26021001
target_verse	mapping	missing_verse	GLT	26021002
target_verse	mapping	missing_verse	GLT	26021003
target_verse	mapping	missing_verse	GLT	26021004
target_verse	mapping	missing_verse	GLT	26021005
target_verse	mapping	missing_verse	GLT	26021006
target_verse	mapping	missing_verse	GLT	26021007
target_verse	mapping	missing_verse	GLT	26021008
target_verse	mapping	missing_verse	GLT	26021009
target_verse	mapping	missing_verse	GLT	26021010
target_verse	mapping	missing_verse	GLT	26021011
target_verse	mapping	missing_verse	GLT	26021012
target_verse	mapping	missing_verse	GLT	26021013
target_verse	mapping	missing_verse	GLT	26021014
target_verse	mapping	missing_verse	GLT	26021015
target_verse	mapping	missing_verse	GLT	26021016
target_verse	mapping	missing_verse	GLT	26021017
target_verse	mapping	missing_verse	GLT	26021018
target_verse	mapping	missing_verse	GLT	26021019
target_verse	mapping	missing_verse	GLT	26021020
target_verse	mapping	missing_verse	GLT	26021021
target_verse	mapping	missing_verse	GLT	26021022
target_verse	mapping	missing_verse	GLT	26021023
target_verse	mapping	missing_verse	GLT	26021024
target_verse	mapping	missing_verse	GLT	26021025
target_verse	mapping	missing_verse	GLT	26021026
target_verse	mapping	missing_verse	GLT	26021027
target_verse	mapping	missing_verse	GLT	26021028
target_verse	mapping	missing_verse	GLT	26021029
target_verse	mapping	missing_verse	GLT	26021030
target_verse	mapping	missing_verse	GLT	26021031
target_verse	mapping	missing_verse	GLT	26021032
target_verse	mapping	missing_verse	GLT	27004001
target_verse	mapping	missing_verse	GLT	27004002
target_verse	mapping	missing_verse	GLT	27004003
target_verse	mapping	missing_verse	GLT	27004004
target_verse	mapping	missing_verse	GLT	27004005
target_verse	mapping	missing_verse	GLT	27004006
target_verse	mapping	missing_verse	GLT	27004007
target_verse	mapping	missing_verse	GLT	27004008
target_verse	mapping	missing_verse	GLT	27004009
target_verse	mapping	missing_verse	GLT	27004010
target_verse	mapping	missing_verse	GLT	27004011
target_verse	mapping	missing_verse	GLT	27004012
target_verse	mapping	missing_verse	GLT	27004013
target_verse	mapping	missing_verse	GLT	27004014
target_verse	mapping	missing_verse	GLT	27004015
target_verse	mapping	missing_verse	GLT	27004016
target_verse	mapping	missing_verse	GLT	27004017
target_verse	mapping	missing_verse	GLT	27004018
target_verse	mapping	missing_verse	GLT	27004019
target_verse	mapping	missing_verse	GLT	27004020
target_verse	mapping	missing_verse	GLT	27004021
target_verse	mapping	missing_verse	GLT	27004022
target_verse	mapping	missing_verse	GLT	27004023
target_verse	mapping	missing_verse	GLT	27004024
target_verse	mapping	missing_verse	GLT	27004025
target_verse	mapping	missing_verse	GLT	27004026
target_verse	mapping	missing_verse	GLT	27004027
target_verse	mapping	missing_verse	GLT	27004028
target_verse	mapping	missing_verse	GLT	27004029
target_verse	mapping	missing_verse	GLT	27004030
target_verse	mapping	missing_verse	GLT	27004031
target_verse	mapping	missing_verse	GLT	27004032
target_verse	mapping	missing_verse	GLT	27004033
target_verse	mapping	missing_verse	GLT	27004034
target_verse	mapping	missing_verse	GLT	27004035
target_verse	mapping	missing_verse	GLT	27004036
target_verse	mapping	missing_verse	GLT	27004037
target_verse	mapping	missing_verse	GLT	27005031
target_verse	mapping	missing_verse	GLT	27006001
target_verse	mapping	missing_verse	GLT	27006002
target_verse	mapping	missing_verse	GLT	27006003
target_verse	mapping	missing_verse	GLT	27006004
target_verse	mapping	missing_verse	GLT	27006005
target_verse	mapping	missing_verse	GLT	27006006
target_verse	mapping	missing_verse	GLT	27006007
target_verse	mapping	missing_verse	GLT	27006008
target_verse	mapping	missing_verse	GLT	27006009
target_verse	mapping	missing_verse	GLT	27006010
target_verse	mapping	missing_verse	GLT	27006011
target_verse	mapping	missing_verse	GLT	27006012
target_verse	mapping	missing_verse	GLT	27006013
target_verse	mapping	missing_verse	GLT	27006014
target_verse	mapping	missing_verse	GLT	27006015
target_verse	mapping	missing_verse	GLT	27006016
target_verse	mapping	missing_verse	GLT	27006017
target_verse	mapping	missing_verse	GLT	27006018
target_verse	mapping	missing_verse	GLT	27006019
target_verse	mapping	missing_verse	GLT	27006020
target_verse	mapping	missing_verse	GLT	27006021
target_verse	mapping	missing_verse	GLT	27006022
target_verse	mapping	missing_verse	GLT	27006023
target_verse	mapping	missing_verse	GLT	27006024
target_verse	mapping	missing_verse	GLT	27006025
target_verse	mapping	missing_verse	GLT	27006026
target_verse	mapping	missing_verse	GLT	27006027
target_verse	mapping	missing_verse	GLT	27006028
target_verse	mapping	missing_verse	GLT	28001010
target_verse	mapping	missing_verse	GLT	28001011
target_verse	mapping	missing_verse	GLT	28002001
target_verse	mapping	missing_verse	GLT	28002002
target_verse	mapping	missing_verse	GLT	28002003
target_verse	mapping	missing_verse	GLT	28002004
target_verse	mapping	missing_verse	GLT	28002005
target_verse	mapping	missing_verse	GLT	28002006
target_verse	mapping	missing_verse	GLT	28002007
target_verse	mapping	missing_verse	GLT	28002008
target_verse	mapping	missing_verse	GLT	28002009
target_verse	mapping	missing_verse	GLT	28002010
target_verse	mapping	missing_verse	GLT	28002011
target_verse	mapping	missing_verse	GLT	28002012
target_verse	mapping	missing_verse	GLT	28002013
target_verse	mapping	missing_verse	GLT	28002014
target_verse	mapping	missing_verse	GLT	28002015
target_verse	mapping	missing_verse	GLT	28002016
target_verse	mapping	missing_verse	GLT	28002017
target_verse	mapping	missing_verse	GLT	28002018
target_verse	mapping	missing_verse	GLT	28002019
target_verse	mapping	missing_verse	GLT	28002020
target_verse	mapping	missing_verse	GLT	28002021
target_verse	mapping	missing_verse	GLT	28002022
target_verse	mapping	missing_verse	GLT	28002023
target_verse	mapping	missing_verse	GLT	28011012
target_verse	mapping	missing_verse	GLT	28012001
target_verse	mapping	missing_verse	GLT	28012002
target_verse	mapping	missing_verse	GLT	28012003
target_verse	mapping	missing_verse	GLT	28012004
target_verse	mapping	missing_verse	GLT	28012005
target_verse	mapping	missing_verse	GLT	28012006
target_verse	mapping	missing_verse	GLT	28012007
target_verse	mapping	missing_verse	GLT	28012008
target_verse	mapping	missing_verse	GLT	28012009
target_verse	mapping	missing_verse	GLT	28012010
target_verse	mapping	missing_verse	GLT	28012011
target_verse	mapping	missing_verse	GLT	28012012
target_verse	mapping	missing_verse	GLT	28012013
target_verse	mapping	missing_verse	GLT	28012014
target_verse	mapping	missing_verse	GLT	28013016
target_verse	mapping	missing_verse	GLT	28014001
target_verse	mapping	missing_verse	GLT	28014002
target_verse	mapping	missing_verse	GLT	28014003
target_verse	mapping	missing_verse	GLT	28014004
target_verse	mapping	missing_verse	GLT	28014005
target_verse	mapping	missing_verse	GLT	28014006
target_verse	mapping	missing_verse	GLT	28014007
target_verse	mapping	missing_verse	GLT	28014008
target_verse	mapping	missing_verse	GLT	28014009
target_verse	mapping	missing_verse	GLT	29002028
target_verse	mapping	missing_verse	GLT	29002029
target_verse	mapping	missing_verse	GLT	29002030
target_verse	mapping	missing_verse	GLT	29002031
target_verse	mapping	missing_verse	GLT	29002032
target_verse	mapping	missing_verse	GLT	29003001
target_verse	mapping	missing_verse	GLT	29003002
target_verse	mapping	missing_verse	GLT	29003003
target_verse	mapping	missing_verse	GLT	29003004
target_verse	mapping	missing_verse	GLT	29003005
target_verse	mapping	missing_verse	GLT	29003006
target_verse	mapping	missing_verse	GLT	29003007
target_verse	mapping	missing_verse	GLT	29003008
target_verse	mapping	missing_verse	GLT	29003009
target_verse	mapping	missing_verse	GLT	29003010
target_verse	mapping	missing_verse	GLT	29003011
target_verse	mapping	missing_verse	GLT	29003012
target_verse	mapping	missing_verse	GLT	29003013
target_verse	mapping	missing_verse	GLT	29003014
target_verse	mapping	missing_verse	GLT	29003015
target_verse	mapping	missing_verse	GLT	29003016
target_verse	mapping	missing_verse	GLT	29003017
target_verse	mapping	missing_verse	GLT	29003018
target_verse	mapping	missing_verse	GLT	29003019
target_verse	mapping	missing_verse	GLT	29003020
target_verse	mapping	missing_verse	GLT	29003021
target_verse	mapping	missing_verse	GLT	33005001
target_verse	mapping	missing_verse	GLT	33005002
target_verse	mapping	missing_verse	GLT	33005003
target_verse	mapping	missing_verse	GLT	33005004
target_verse	mapping	missing_verse	GLT	33005005
target_verse	mapping	missing_verse	GLT	33005006
target_verse	mapping	missing_verse	GLT	33005007
target_verse	mapping	missing_verse	GLT	33005008
target_verse	mapping	missing_verse	GLT	33005009
target_verse	mapping	missing_verse	GLT	33005010
target_verse	mapping	missing_verse	GLT	33005011
target_verse	mapping	missing_verse	GLT	33005012
target_verse	mapping	missing_verse	GLT	33005013
target_verse	mapping	missing_verse	GLT	33005014
target_verse	mapping	missing_verse	GLT	33005015
target_verse	mapping	missing_verse	GLT	34001015
target_verse	mapping	missing_verse	GLT	34002001
target_verse	mapping	missing_verse	GLT	34002002
target_verse	mapping	missing_verse	GLT	34002003
target_verse	mapping	missing_verse	GLT	34002004
target_verse	mapping	missing_verse	GLT	34002005
target_verse	mapping	missing_verse	GLT	34002006
target_verse	mapping	missing_verse	GLT	34002007
target_verse	mapping	missing_verse	GLT	34002008
target_verse	mapping	missing_verse	GLT	34002009
target_verse	mapping	missing_verse	GLT	34002010
target_verse	mapping	missing_verse	GLT	34002011
target_verse	mapping	missing_verse	GLT	34002012
target_verse	mapping	missing_verse	GLT	34002013
target_verse	mapping	missing_verse	GLT	38001018
target_verse	mapping	missing_verse	GLT	38001019
target_verse	mapping	missing_verse	GLT	38001020
target_verse	mapping	missing_verse	GLT	38001021
target_verse	mapping	missing_verse	GLT	38002001
target_verse	mapping	missing_verse	GLT	38002002
target_verse	mapping	missing_verse	GLT	38002003
target_verse	mapping	missing_verse	GLT	38002004
target_verse	mapping	missing_verse	GLT	38002005
target_verse	mapping	missing_verse	GLT	38002006
target_verse	mapping	missing_verse	GLT	38002007
target_verse	mapping	missing_verse	GLT	38002008
target_verse	mapping	missing_verse	GLT	38002009
target_verse	mapping	missing_verse	GLT	38002010
target_verse	mapping	missing_verse	GLT	38002011
target_verse	mapping	missing_verse	GLT	38002012
target_verse	mapping	missing_verse	GLT	38002013
target_verse	mapping	missing_verse	GLT	39004001
target_verse	mapping	missing_verse	GLT	39004002
target_verse	mapping	missing_verse	GLT	39004003
target_verse	mapping	missing_verse	GLT	39004004
target_verse	mapping	missing_verse	GLT	39004005
target_verse	mapping	missing_verse	GLT	39004006
target_verse	mapping	missing_verse	GLT	44019040
target_verse	mapping	missing_verse	GLT	44019041
