source_verse	size	miss_end_verse	OHCB	04025019
source_verse	size	miss_end_verse	OHCB	09020042
source_verse	size	missing_verse	OHCB	11022043
source_verse	size	missing_verse	OHCB	13012004
source_verse	size	extra_verse	OHCB	19011000
source_verse	size	extra_verse	OHCB	19014000
source_verse	size	extra_verse	OHCB	19015000
source_verse	size	extra_verse	OHCB	19017000
source_verse	size	extra_verse	OHCB	19023000
source_verse	size	extra_verse	OHCB	19024000
source_verse	size	extra_verse	OHCB	19025000
source_verse	size	extra_verse	OHCB	19026000
source_verse	size	extra_verse	OHCB	19027000
source_verse	size	extra_verse	OHCB	19028000
source_verse	size	extra_verse	OHCB	19029000
source_verse	size	extra_verse	OHCB	19032000
source_verse	size	extra_verse	OHCB	19035000
source_verse	size	extra_verse	OHCB	19037000
source_verse	size	extra_verse	OHCB	19050000
source_verse	size	missing_verse	OHCB	19051001
source_verse	size	missing_verse	OHCB	19052001
source_verse	size	missing_verse	OHCB	19054001
source_verse	size	missing_verse	OHCB	19060001
source_verse	size	extra_verse	OHCB	19066000
source_verse	size	extra_verse	OHCB	19072000
source_verse	size	extra_verse	OHCB	19073000
source_verse	size	extra_verse	OHCB	19079000
source_verse	size	extra_verse	OHCB	19082000
source_verse	size	extra_verse	OHCB	19086000
source_verse	size	extra_verse	OHCB	19087000
source_verse	size	missing_verse	OHCB	19089001
source_verse	size	extra_verse	OHCB	19090000
source_verse	size	extra_verse	OHCB	19098000
source_verse	size	extra_verse	OHCB	19100000
source_verse	size	extra_verse	OHCB	19101000
source_verse	size	extra_verse	OHCB	19103000
source_verse	size	extra_verse	OHCB	19109000
source_verse	size	extra_verse	OHCB	19110000
source_verse	size	extra_verse	OHCB	19120000
source_verse	size	extra_verse	OHCB	19121000
source_verse	size	extra_verse	OHCB	19122000
source_verse	size	extra_verse	OHCB	19123000
source_verse	size	extra_verse	OHCB	19124000
source_verse	size	extra_verse	OHCB	19125000
source_verse	size	extra_verse	OHCB	19126000
source_verse	size	extra_verse	OHCB	19127000
source_verse	size	extra_verse	OHCB	19128000
source_verse	size	extra_verse	OHCB	19129000
source_verse	size	extra_verse	OHCB	19130000
source_verse	size	extra_verse	OHCB	19131000
source_verse	size	extra_verse	OHCB	19132000
source_verse	size	extra_verse	OHCB	19133000
source_verse	size	extra_verse	OHCB	19134000
source_verse	size	extra_verse	OHCB	19138000
source_verse	size	extra_verse	OHCB	19139000
source_verse	size	extra_verse	OHCB	19141000
source_verse	size	missing_verse	OHCB	19142001
source_verse	size	extra_verse	OHCB	19143000
source_verse	size	extra_verse	OHCB	19144000
source_verse	size	extra_verse	OHCB	19145000
source_verse	size	miss_end_verse	OHCB	66012018
